co_seq_curso,no_curso,qt_carga_horaria_total,co_seq_orgao,sg_orgao,no_orgao,no_formato,no_nivel,no_modalidade,ds_imagem,status,status_ordem,rank,tem_deia,deia_encontrado,id_oferta,url_oferta,codigo_oferta,vagas,publico_alvo,local_oferta,formato,programas_governo,temas,decs,descricao_oferta,palavras_chave
44538,1º Formação de Preceptores para o SUS,195,13,UNIFESP,Universidade Federal de São Paulo,Ensino a Distância,Extensão,Aperfeiçoamento,https://ppuview.unasus.gov.br/arouca_imagens/44538_180.jpg,com oferta encerrada,4,1,Não,,416264,https://www.unasus.gov.br/cursos/oferta/416264,416264,195,"Profissionais da saúde, de nível superior, vinculados às Secretarias Municipais da Saúde de Guarulhos, Mauá, São Bernardo do Campo e Sorocaba",EAD,Ensino a Distância,"UNA-SUS, Especialização",,,1ª Oferta - Formação de Preceptores para o SUS - (Oferta finalizada),Formação de Preceptores para o SUS
44540,2º Formação de Preceptores para o SUS,195,13,UNIFESP,Universidade Federal de São Paulo,Ensino a Distância,Extensão,Aperfeiçoamento,https://ppuview.unasus.gov.br/arouca_imagens/44540_180.jpg,com oferta encerrada,4,1,Não,,416266,https://www.unasus.gov.br/cursos/oferta/416266,416266,195,"Profissionais da saúde, de nível superior, vinculados às Secretarias Municipais da Saúde de Guarulhos, Mauá, São Bernardo do Campo e Sorocaba",EAD,Ensino a Distância,"UNA-SUS, Especialização",,,2ª Oferta - Formação de Preceptores para o SUS (Oferta finalizada),Formação Preceptor SUS
47028,Abordagem Clínica de Zika na Atenção Primária à Saúde,45,4511621,FIOCRUZ - MS,Fundação Oswaldo Cruz - Mato Grosso do Sul,Ensino a Distância,Extensão,Atualização,https://ppuview.unasus.gov.br/arouca_imagens/47028_180.jpg,com oferta aberta,1,1,Não,,420061,https://www.unasus.gov.br/cursos/oferta/420061,420061,2000,Profissionais da saúde e demais interessados na temática,EAD,Ensino a Distância,UNA-SUS,,,Primeira oferta do curso de 2024. Turma 1.,"Vigilância em Saúde, Atenção Primária, Saúde da Família"
47028,Abordagem Clínica de Zika na Atenção Primária à Saúde,45,4511621,FIOCRUZ - MS,Fundação Oswaldo Cruz - Mato Grosso do Sul,Ensino a Distância,Extensão,Atualização,https://ppuview.unasus.gov.br/arouca_imagens/47028_180.jpg,com oferta aberta,1,1,Não,,420101,https://www.unasus.gov.br/cursos/oferta/420101,420101,50000,Profissionais da saúde e demais interessados na temática,EAD,Ensino a Distância,UNA-SUS,,,,"Vigilância em Saúde, Atenção Primária, Saúde da Família"
47054,Abordagem Cuidados para o desenvolvimento da criança na atenção primária a saúde,30,1,UFMG,Universidade Federal de Minas Gerais,Ensino a Distância,Extensão,Atualização,https://ppuview.unasus.gov.br/arouca_imagens/47054_180.jpg,com oferta aberta,1,1,Não,,420105,https://www.unasus.gov.br/cursos/oferta/420105,420105,20000,"Profissionais da área da saúde com nível superior, interessados em aprimorar suas competências e ampliar o impacto de sua atuação na atenção a saude da criança na APS:

•	Enfermeiro
•	Médico
•	Psicólogo (EMCP e EACP)
•	Fisioterapeuta
•	Fonoaudiólogo
•	Nutricionista
•	Terapeuta ocupacional",EAD,Ensino a Distância,,,,,
46624,Abordagem das síndromes geriátricas e cuidados paliativos na Atenção Primária à Saúde,12,4511661,FIOCRUZ - BRASÍLIA,Fundação Oswaldo Cruz - Brasília,Ensino a Distância,Outros,Qualificação,https://ppuview.unasus.gov.br/arouca_imagens/46624_180.jpg,com oferta aberta,1,1,Não,,419561,https://www.unasus.gov.br/cursos/oferta/419561,419561,90000,Profissionais de saúde e demais interessados no tema.,EAD,Ensino a Distância,"UNA-SUS, SE/UNASUS",Saúde do Idoso,"E02.760.666::Cuidados Paliativos, M01.060.116.100.540::Idoso Fragilizado, N02.421.320::Serviços de Saúde para Idosos, N02.421.533.245::Enfermagem Geriátrica, N04.590.233::Assistência Integral à Saúde, N05.300.559::Cuidado de Enfermagem ao Idoso Hospitalizado, N06.850.520.308.225::Avaliação Geriátrica, SP2.006.047::Saúde do Idoso, SP3.001.005.010.010.010::Direitos Humanos",Quinta oferta do curso.,"Avaliação multidimensional, Direito da pessoa idosa, Idoso, Síndromes geriátricas"
46624,Abordagem das síndromes geriátricas e cuidados paliativos na Atenção Primária à Saúde,12,4511661,FIOCRUZ - BRASÍLIA,Fundação Oswaldo Cruz - Brasília,Ensino a Distância,Outros,Qualificação,https://ppuview.unasus.gov.br/arouca_imagens/46624_180.jpg,com oferta aberta,1,1,Não,,419152,https://www.unasus.gov.br/cursos/oferta/419152,419152,50000,Profissionais de saúde e demais interessados no tema.,EAD,Ensino a Distância,"UNA-SUS, SE/UNASUS",Saúde do Idoso,"E02.760.666::Cuidados Paliativos, M01.060.116.100.540::Idoso Fragilizado, N02.421.320::Serviços de Saúde para Idosos, N02.421.533.245::Enfermagem Geriátrica, N04.590.233::Assistência Integral à Saúde, N05.300.559::Cuidado de Enfermagem ao Idoso Hospitalizado, N06.850.520.308.225::Avaliação Geriátrica, SP2.006.047::Saúde do Idoso, SP3.001.005.010.010.010::Direitos Humanos",Esta é a segunda oferta do curso.,"Avaliação multidimensional, Direito da pessoa idosa, Idoso, Síndromes geriátricas"
46624,Abordagem das síndromes geriátricas e cuidados paliativos na Atenção Primária à Saúde,12,4511661,FIOCRUZ - BRASÍLIA,Fundação Oswaldo Cruz - Brasília,Ensino a Distância,Outros,Qualificação,https://ppuview.unasus.gov.br/arouca_imagens/46624_180.jpg,com oferta aberta,1,1,Não,,419448,https://www.unasus.gov.br/cursos/oferta/419448,419448,50000,Profissionais de saúde e demais interessados no tema.,EAD,Ensino a Distância,"UNA-SUS, SE/UNASUS",Saúde do Idoso,"E02.760.666::Cuidados Paliativos, M01.060.116.100.540::Idoso Fragilizado, N02.421.320::Serviços de Saúde para Idosos, N02.421.533.245::Enfermagem Geriátrica, N04.590.233::Assistência Integral à Saúde, N05.300.559::Cuidado de Enfermagem ao Idoso Hospitalizado, N06.850.520.308.225::Avaliação Geriátrica, SP2.006.047::Saúde do Idoso, SP3.001.005.010.010.010::Direitos Humanos",Esta é a quarta oferta do curso.,"Avaliação multidimensional, Direito da pessoa idosa, Idoso, Síndromes geriátricas"
46624,Abordagem das síndromes geriátricas e cuidados paliativos na Atenção Primária à Saúde,12,4511661,FIOCRUZ - BRASÍLIA,Fundação Oswaldo Cruz - Brasília,Ensino a Distância,Outros,Qualificação,https://ppuview.unasus.gov.br/arouca_imagens/46624_180.jpg,com oferta aberta,1,1,Não,,419256,https://www.unasus.gov.br/cursos/oferta/419256,419256,50000,Profissionais de saúde e demais interessados no tema.,EAD,Ensino a Distância,"UNA-SUS, SE/UNASUS",Saúde do Idoso,"E02.760.666::Cuidados Paliativos, M01.060.116.100.540::Idoso Fragilizado, N02.421.320::Serviços de Saúde para Idosos, N02.421.533.245::Enfermagem Geriátrica, N04.590.233::Assistência Integral à Saúde, N05.300.559::Cuidado de Enfermagem ao Idoso Hospitalizado, N06.850.520.308.225::Avaliação Geriátrica, SP2.006.047::Saúde do Idoso, SP3.001.005.010.010.010::Direitos Humanos",Esta é a terceira oferta do curso.,"Avaliação multidimensional, Direito da pessoa idosa, Idoso, Síndromes geriátricas"
46624,Abordagem das síndromes geriátricas e cuidados paliativos na Atenção Primária à Saúde,12,4511661,FIOCRUZ - BRASÍLIA,Fundação Oswaldo Cruz - Brasília,Ensino a Distância,Outros,Qualificação,https://ppuview.unasus.gov.br/arouca_imagens/46624_180.jpg,com oferta aberta,1,1,Não,,419052,https://www.unasus.gov.br/cursos/oferta/419052,419052,50000,Profissionais de saúde e demais interessados no tema.,EAD,Ensino a Distância,"UNA-SUS, SE/UNASUS",Saúde do Idoso,"E02.760.666::Cuidados Paliativos, M01.060.116.100.540::Idoso Fragilizado, N02.421.320::Serviços de Saúde para Idosos, N02.421.533.245::Enfermagem Geriátrica, N04.590.233::Assistência Integral à Saúde, N05.300.559::Cuidado de Enfermagem ao Idoso Hospitalizado, N06.850.520.308.225::Avaliação Geriátrica, SP2.006.047::Saúde do Idoso, SP3.001.005.010.010.010::Direitos Humanos",Esta é a primeira oferta do curso.,"Avaliação multidimensional, Direito da pessoa idosa, Idoso, Síndromes geriátricas"
6280,Abordagem da Violência na Atenção Domiciliar,45,3,UERJ,Universidade do Estado do Rio de Janeiro,Ensino a Distância,Educação Profissional e Tecnológica,Qualificação Profissional,https://ppuview.unasus.gov.br/arouca_imagens/6280_180.jpg,com oferta encerrada,4,1,Não,,48757,https://www.unasus.gov.br/cursos/oferta/48757,48757,5000,Profissionais e gestores de saúde com ensino superior.,EAD,Ensino a Distância,"UNA-SUS, Atenção Domiciliar",,,,"Atenção Domiciliar, Programa Multicêntrico de Atenção Domiciliar, Violência, Violência na Atenção Domiciliar, Violência na Saúde"
6280,Abordagem da Violência na Atenção Domiciliar,45,3,UERJ,Universidade do Estado do Rio de Janeiro,Ensino a Distância,Educação Profissional e Tecnológica,Qualificação Profissional,https://ppuview.unasus.gov.br/arouca_imagens/6280_180.jpg,com oferta encerrada,4,1,Não,,416359,https://www.unasus.gov.br/cursos/oferta/416359,416359,5000,Profissionais e gestores de saúde com ensino superior.,EAD,Ensino a Distância,"UNA-SUS, Atenção Domiciliar",,,,"Atenção Domiciliar, Programa Multicêntrico de Atenção Domiciliar, Violência, Violência na Atenção Domiciliar, Violência na Saúde"
45389,Abordagem Domiciliar de Pacientes em Cuidados Paliativos,45,9,UFPEL,Universidade Federal de Pelotas,Ensino a Distância,Educação Profissional e Tecnológica,Qualificação Profissional,https://ppuview.unasus.gov.br/arouca_imagens/45389_180.jpg,com oferta aberta,1,1,Não,,419191,https://www.unasus.gov.br/cursos/oferta/419191,419191,10000,Profissionais de saúde com ênfase em profissionais da medicina e enfermagem que atuam em atenção domiciliar e atenção primária à saúde,EAD,Ensino a Distância,UNA-SUS,,,,"Atenção domiciliar, Autoaprendizagem, Casos clínicos, Controle dos sintomas mais prevalentes nos cuidados paliativos, Cuidados paliativos, Hipodermóclise, Punção de cateter venoso central, Sedação paliativa domiciliar, Óbito"
45389,Abordagem Domiciliar de Pacientes em Cuidados Paliativos,45,9,UFPEL,Universidade Federal de Pelotas,Ensino a Distância,Educação Profissional e Tecnológica,Qualificação Profissional,https://ppuview.unasus.gov.br/arouca_imagens/45389_180.jpg,com oferta aberta,1,1,Não,,419097,https://www.unasus.gov.br/cursos/oferta/419097,419097,10000,Profissionais de saúde com ênfase em profissionais da medicina e enfermagem que atuam em atenção domiciliar e atenção primária à saúde,EAD,Ensino a Distância,UNA-SUS,,,,"Atenção domiciliar, Autoaprendizagem, Casos clínicos, Controle dos sintomas mais prevalentes nos cuidados paliativos, Cuidados paliativos, Hipodermóclise, Punção de cateter venoso central, Sedação paliativa domiciliar, Óbito"
45389,Abordagem Domiciliar de Pacientes em Cuidados Paliativos,45,9,UFPEL,Universidade Federal de Pelotas,Ensino a Distância,Educação Profissional e Tecnológica,Qualificação Profissional,https://ppuview.unasus.gov.br/arouca_imagens/45389_180.jpg,com oferta aberta,1,1,Não,,419497,https://www.unasus.gov.br/cursos/oferta/419497,419497,10000,Profissionais de saúde com ênfase em profissionais da medicina e enfermagem que atuam em atenção domiciliar e atenção primária à saúde,EAD,Ensino a Distância,UNA-SUS,,,,"Atenção domiciliar, Autoaprendizagem, Casos clínicos, Controle dos sintomas mais prevalentes nos cuidados paliativos, Cuidados paliativos, Hipodermóclise, Punção de cateter venoso central, Sedação paliativa domiciliar, Óbito"
45389,Abordagem Domiciliar de Pacientes em Cuidados Paliativos,45,9,UFPEL,Universidade Federal de Pelotas,Ensino a Distância,Educação Profissional e Tecnológica,Qualificação Profissional,https://ppuview.unasus.gov.br/arouca_imagens/45389_180.jpg,com oferta aberta,1,1,Não,,418948,https://www.unasus.gov.br/cursos/oferta/418948,418948,10000,Profissionais de saúde com ênfase em profissionais da medicina e enfermagem que atuam em atenção domiciliar e atenção primária à saúde,EAD,Ensino a Distância,UNA-SUS,,,,"Atenção domiciliar, Autoaprendizagem, Casos clínicos, Controle dos sintomas mais prevalentes nos cuidados paliativos, Cuidados paliativos, Hipodermóclise, Punção de cateter venoso central, Sedação paliativa domiciliar, Óbito"
45389,Abordagem Domiciliar de Pacientes em Cuidados Paliativos,45,9,UFPEL,Universidade Federal de Pelotas,Ensino a Distância,Educação Profissional e Tecnológica,Qualificação Profissional,https://ppuview.unasus.gov.br/arouca_imagens/45389_180.jpg,com oferta aberta,1,1,Não,,418748,https://www.unasus.gov.br/cursos/oferta/418748,418748,10000,Profissionais de saúde com ênfase em profissionais da medicina e enfermagem que atuam em atenção domiciliar e atenção primária à saúde,EAD,Ensino a Distância,UNA-SUS,,,,"Atenção domiciliar, Autoaprendizagem, Casos clínicos, Controle dos sintomas mais prevalentes nos cuidados paliativos, Cuidados paliativos, Hipodermóclise, Punção de cateter venoso central, Sedação paliativa domiciliar, Óbito"
45389,Abordagem Domiciliar de Pacientes em Cuidados Paliativos,45,9,UFPEL,Universidade Federal de Pelotas,Ensino a Distância,Educação Profissional e Tecnológica,Qualificação Profissional,https://ppuview.unasus.gov.br/arouca_imagens/45389_180.jpg,com oferta aberta,1,1,Não,,419291,https://www.unasus.gov.br/cursos/oferta/419291,419291,10000,Profissionais de saúde com ênfase em profissionais da medicina e enfermagem que atuam em atenção domiciliar e atenção primária à saúde,EAD,Ensino a Distância,UNA-SUS,,,,"Atenção domiciliar, Autoaprendizagem, Casos clínicos, Controle dos sintomas mais prevalentes nos cuidados paliativos, Cuidados paliativos, Hipodermóclise, Punção de cateter venoso central, Sedação paliativa domiciliar, Óbito"
45389,Abordagem Domiciliar de Pacientes em Cuidados Paliativos,45,9,UFPEL,Universidade Federal de Pelotas,Ensino a Distância,Educação Profissional e Tecnológica,Qualificação Profissional,https://ppuview.unasus.gov.br/arouca_imagens/45389_180.jpg,com oferta aberta,1,1,Não,,417694,https://www.unasus.gov.br/cursos/oferta/417694,417694,10000,Profissionais de saúde com ênfase em profissionais da medicina e enfermagem que atuam em atenção domiciliar e atenção primária à saúde,EAD,Ensino a Distância,UNA-SUS,,,Este curso foi lançado em 28/03/2016 e esta é sua 8a  oferta,"Atenção domiciliar, Autoaprendizagem, Casos clínicos, Controle dos sintomas mais prevalentes nos cuidados paliativos, Cuidados paliativos, Hipodermóclise, Punção de cateter venoso central, Sedação paliativa domiciliar, Óbito"
45389,Abordagem Domiciliar de Pacientes em Cuidados Paliativos,45,9,UFPEL,Universidade Federal de Pelotas,Ensino a Distância,Educação Profissional e Tecnológica,Qualificação Profissional,https://ppuview.unasus.gov.br/arouca_imagens/45389_180.jpg,com oferta aberta,1,1,Não,,417504,https://www.unasus.gov.br/cursos/oferta/417504,417504,10000,Profissionais de saúde com ênfase em profissionais da medicina e enfermagem que atuam em atenção domiciliar e atenção primária à saúde,EAD,Ensino a Distância,UNA-SUS,,,Este curso foi lançado em 28/03/2016 e esta é sua 8a  oferta,"Atenção domiciliar, Autoaprendizagem, Casos clínicos, Controle dos sintomas mais prevalentes nos cuidados paliativos, Cuidados paliativos, Hipodermóclise, Punção de cateter venoso central, Sedação paliativa domiciliar, Óbito"
45389,Abordagem Domiciliar de Pacientes em Cuidados Paliativos,45,9,UFPEL,Universidade Federal de Pelotas,Ensino a Distância,Educação Profissional e Tecnológica,Qualificação Profissional,https://ppuview.unasus.gov.br/arouca_imagens/45389_180.jpg,com oferta aberta,1,1,Não,,418311,https://www.unasus.gov.br/cursos/oferta/418311,418311,10000,Profissionais de saúde com ênfase em profissionais da medicina e enfermagem que atuam em atenção domiciliar e atenção primária à saúde,EAD,Ensino a Distância,UNA-SUS,,,Este curso foi lançado em 28/03/2016 e esta é sua 9a  oferta,"Atenção domiciliar, Autoaprendizagem, Casos clínicos, Controle dos sintomas mais prevalentes nos cuidados paliativos, Cuidados paliativos, Hipodermóclise, Punção de cateter venoso central, Sedação paliativa domiciliar, Óbito"
45389,Abordagem Domiciliar de Pacientes em Cuidados Paliativos,45,9,UFPEL,Universidade Federal de Pelotas,Ensino a Distância,Educação Profissional e Tecnológica,Qualificação Profissional,https://ppuview.unasus.gov.br/arouca_imagens/45389_180.jpg,com oferta aberta,1,1,Não,,419625,https://www.unasus.gov.br/cursos/oferta/419625,419625,10000,Profissionais de saúde com ênfase em profissionais da medicina e enfermagem que atuam em atenção domiciliar e atenção primária à saúde,EAD,Ensino a Distância,UNA-SUS,,,"Este curso foi lançado em 28/03/2016 e esta é sua 7a oferta

","Atenção domiciliar, Autoaprendizagem, Casos clínicos, Controle dos sintomas mais prevalentes nos cuidados paliativos, Cuidados paliativos, Hipodermóclise, Punção de cateter venoso central, Sedação paliativa domiciliar, Óbito"
45389,Abordagem Domiciliar de Pacientes em Cuidados Paliativos,45,9,UFPEL,Universidade Federal de Pelotas,Ensino a Distância,Educação Profissional e Tecnológica,Qualificação Profissional,https://ppuview.unasus.gov.br/arouca_imagens/45389_180.jpg,com oferta aberta,1,1,Não,,417888,https://www.unasus.gov.br/cursos/oferta/417888,417888,10000,Profissionais de saúde com ênfase em profissionais da medicina e enfermagem que atuam em atenção domiciliar e atenção primária à saúde,EAD,Ensino a Distância,UNA-SUS,,,Este curso foi lançado em 28/03/2016 e esta é sua 9a  oferta,"Atenção domiciliar, Autoaprendizagem, Casos clínicos, Controle dos sintomas mais prevalentes nos cuidados paliativos, Cuidados paliativos, Hipodermóclise, Punção de cateter venoso central, Sedação paliativa domiciliar, Óbito"
44521,Abordagem Domiciliar de Pacientes em Cuidados Paliativos,45,9,UFPEL,Universidade Federal de Pelotas,Ensino a Distância,Educação Profissional e Tecnológica,Qualificação Profissional,https://ppuview.unasus.gov.br/arouca_imagens/44521_180.jpg,com oferta encerrada,4,1,Não,,416838,https://www.unasus.gov.br/cursos/oferta/416838,416838,5000,Profissionais de saúde com ênfase em profissionais da medicina e enfermagem que atuam em atenção domiciliar e atenção primária à saúde,EAD,Ensino a Distância,UNA-SUS,,,,"Atenção domiciliar, Autoaprendizagem, Casos Clínicos, Controle dos sintomas mais prevalentes nos cuidados paliativos, Cuidados Paliativos, Hipodermóclise, Punção de cateter venoso central, Sedação paliativa domiciliar, Óbito"
44521,Abordagem Domiciliar de Pacientes em Cuidados Paliativos,45,9,UFPEL,Universidade Federal de Pelotas,Ensino a Distância,Educação Profissional e Tecnológica,Qualificação Profissional,https://ppuview.unasus.gov.br/arouca_imagens/44521_180.jpg,com oferta encerrada,4,1,Não,,416839,https://www.unasus.gov.br/cursos/oferta/416839,416839,5000,Profissionais de saúde com ênfase em profissionais da medicina e enfermagem que atuam em atenção domiciliar e atenção primária à saúde,EAD,Ensino a Distância,UNA-SUS,,,,"Atenção domiciliar, Autoaprendizagem, Casos Clínicos, Controle dos sintomas mais prevalentes nos cuidados paliativos, Cuidados Paliativos, Hipodermóclise, Punção de cateter venoso central, Sedação paliativa domiciliar, Óbito"
44521,Abordagem Domiciliar de Pacientes em Cuidados Paliativos,45,9,UFPEL,Universidade Federal de Pelotas,Ensino a Distância,Educação Profissional e Tecnológica,Qualificação Profissional,https://ppuview.unasus.gov.br/arouca_imagens/44521_180.jpg,com oferta encerrada,4,1,Não,,416230,https://www.unasus.gov.br/cursos/oferta/416230,416230,5000,Profissionais de saúde com ênfase em profissionais da medicina e enfermagem que atuam em atenção domiciliar e atenção primária à saúde,EAD,Ensino a Distância,UNA-SUS,,,,"Atenção domiciliar, Autoaprendizagem, Casos Clínicos, Controle dos sintomas mais prevalentes nos cuidados paliativos, Cuidados Paliativos, Hipodermóclise, Punção de cateter venoso central, Sedação paliativa domiciliar, Óbito"
44521,Abordagem Domiciliar de Pacientes em Cuidados Paliativos,45,9,UFPEL,Universidade Federal de Pelotas,Ensino a Distância,Educação Profissional e Tecnológica,Qualificação Profissional,https://ppuview.unasus.gov.br/arouca_imagens/44521_180.jpg,com oferta encerrada,4,1,Não,,417437,https://www.unasus.gov.br/cursos/oferta/417437,417437,10000,Profissionais de saúde com ênfase em profissionais da medicina e enfermagem que atuam em atenção domiciliar e atenção primária à saúde,EAD,Ensino a Distância,UNA-SUS,,,Este curso foi lançado em 28/03/2016 e esta é sua 7a  oferta,"Atenção domiciliar, Autoaprendizagem, Casos Clínicos, Controle dos sintomas mais prevalentes nos cuidados paliativos, Cuidados Paliativos, Hipodermóclise, Punção de cateter venoso central, Sedação paliativa domiciliar, Óbito"
44521,Abordagem Domiciliar de Pacientes em Cuidados Paliativos,45,9,UFPEL,Universidade Federal de Pelotas,Ensino a Distância,Educação Profissional e Tecnológica,Qualificação Profissional,https://ppuview.unasus.gov.br/arouca_imagens/44521_180.jpg,com oferta encerrada,4,1,Não,,417138,https://www.unasus.gov.br/cursos/oferta/417138,417138,10000,Profissionais de saúde com ênfase em profissionais da medicina e enfermagem que atuam em atenção domiciliar e atenção primária à saúde,EAD,Ensino a Distância,UNA-SUS,,,Este curso foi lançado em 28/03/2016 e esta é sua 6a  oferta,"Atenção domiciliar, Autoaprendizagem, Casos Clínicos, Controle dos sintomas mais prevalentes nos cuidados paliativos, Cuidados Paliativos, Hipodermóclise, Punção de cateter venoso central, Sedação paliativa domiciliar, Óbito"
44521,Abordagem Domiciliar de Pacientes em Cuidados Paliativos,45,9,UFPEL,Universidade Federal de Pelotas,Ensino a Distância,Educação Profissional e Tecnológica,Qualificação Profissional,https://ppuview.unasus.gov.br/arouca_imagens/44521_180.jpg,com oferta encerrada,4,1,Não,,416837,https://www.unasus.gov.br/cursos/oferta/416837,416837,5000,Profissionais de saúde com ênfase em profissionais da medicina e enfermagem que atuam em atenção domiciliar e atenção primária à saúde,EAD,Ensino a Distância,UNA-SUS,,,,"Atenção domiciliar, Autoaprendizagem, Casos Clínicos, Controle dos sintomas mais prevalentes nos cuidados paliativos, Cuidados Paliativos, Hipodermóclise, Punção de cateter venoso central, Sedação paliativa domiciliar, Óbito"
44521,Abordagem Domiciliar de Pacientes em Cuidados Paliativos,45,9,UFPEL,Universidade Federal de Pelotas,Ensino a Distância,Educação Profissional e Tecnológica,Qualificação Profissional,https://ppuview.unasus.gov.br/arouca_imagens/44521_180.jpg,com oferta encerrada,4,1,Não,,416396,https://www.unasus.gov.br/cursos/oferta/416396,416396,5000,Profissionais de saúde com ênfase em profissionais da medicina e enfermagem que atuam em atenção domiciliar e atenção primária à saúde,EAD,Ensino a Distância,UNA-SUS,,,,"Atenção domiciliar, Autoaprendizagem, Casos Clínicos, Controle dos sintomas mais prevalentes nos cuidados paliativos, Cuidados Paliativos, Hipodermóclise, Punção de cateter venoso central, Sedação paliativa domiciliar, Óbito"
43668,Abordagem domiciliar de situações clínicas comuns em adultos,60,17,UFPE,Universidade Federal de Pernambuco,Ensino a Distância,Educação Profissional e Tecnológica,Qualificação Profissional,https://ppuview.unasus.gov.br/arouca_imagens/43668_180.jpg,com oferta encerrada,4,1,Não,,415101,https://www.unasus.gov.br/cursos/oferta/415101,415101,5000,Médicos e enfermeiros.,EAD,Ensino a Distância,"UNA-SUS, Atenção Domiciliar","Atenção Primária / Saúde da Família, DST e AIDS, Promoção da Saúde, Saúde Mental, Doenças Crônicas, Doenças Infecciosas",,"Versão do curso para visitantes identificados, sem emissão de declaração de conclusão de curso.","SIDA, asma, coronariopatia, cuidado, doença pulmonar obstrutiva crônica, doença vascular periférica, domicílio, drogas ilícitas, drogas lícitas, esclerose lateral amiotrófica, esclerose múltipla, hanseníase, infecção do trato urinário, insuficiência cardíaca, malária, ortopedia, osteomielite, pneumonia, transtornos psiquiátricos, tuberculose"
43668,Abordagem domiciliar de situações clínicas comuns em adultos,60,17,UFPE,Universidade Federal de Pernambuco,Ensino a Distância,Educação Profissional e Tecnológica,Qualificação Profissional,https://ppuview.unasus.gov.br/arouca_imagens/43668_180.jpg,com oferta encerrada,4,1,Não,,415100,https://www.unasus.gov.br/cursos/oferta/415100,415100,5000,Médicos e enfermeiros.,EAD,Ensino a Distância,"UNA-SUS, Atenção Domiciliar","Atenção Primária / Saúde da Família, DST e AIDS, Promoção da Saúde, Saúde Mental, Doenças Crônicas, Doenças Infecciosas",,Oferta voltada a médicos e enfermeiros de todo Brasil.,"SIDA, asma, coronariopatia, cuidado, doença pulmonar obstrutiva crônica, doença vascular periférica, domicílio, drogas ilícitas, drogas lícitas, esclerose lateral amiotrófica, esclerose múltipla, hanseníase, infecção do trato urinário, insuficiência cardíaca, malária, ortopedia, osteomielite, pneumonia, transtornos psiquiátricos, tuberculose"
44108,Abordagem Domiciliar em Situações Clínicas Comuns em Idosos,45,9,UFPEL,Universidade Federal de Pelotas,Ensino a Distância,Educação Profissional e Tecnológica,Qualificação Profissional,https://ppuview.unasus.gov.br/arouca_imagens/44108_180.jpg,com oferta encerrada,4,1,Não,,417137,https://www.unasus.gov.br/cursos/oferta/417137,417137,10000,Profissionais de saúde com ênfase em profissionais da medicina e enfermagem que atuam em atenção domiciliar e atenção primária à saúde.,EAD,Ensino a Distância,UNA-SUS,"Câncer, Diabetes e Hipertensão, Saúde Mental, Doenças Crônicas",,Este curso foi lançado em 15/06/2015 e esta é sua 7º oferta,"Abordagem domiciliar de doenças cardiovasculares, Doenças Musculoesqueléticas, Quedas, atenção domiciliar, autoaprendizagem, casos clínicos interativos, educação a distância, saúde do idoso"
44108,Abordagem Domiciliar em Situações Clínicas Comuns em Idosos,45,9,UFPEL,Universidade Federal de Pelotas,Ensino a Distância,Educação Profissional e Tecnológica,Qualificação Profissional,https://ppuview.unasus.gov.br/arouca_imagens/44108_180.jpg,com oferta encerrada,4,1,Não,,416840,https://www.unasus.gov.br/cursos/oferta/416840,416840,5000,Profissionais de saúde com ênfase em profissionais da medicina e enfermagem que atuam em atenção domiciliar e atenção primária à saúde.,EAD,Ensino a Distância,UNA-SUS,"Câncer, Diabetes e Hipertensão, Saúde Mental, Doenças Crônicas",,,"Abordagem domiciliar de doenças cardiovasculares, Doenças Musculoesqueléticas, Quedas, atenção domiciliar, autoaprendizagem, casos clínicos interativos, educação a distância, saúde do idoso"
44108,Abordagem Domiciliar em Situações Clínicas Comuns em Idosos,45,9,UFPEL,Universidade Federal de Pelotas,Ensino a Distância,Educação Profissional e Tecnológica,Qualificação Profissional,https://ppuview.unasus.gov.br/arouca_imagens/44108_180.jpg,com oferta encerrada,4,1,Não,,416255,https://www.unasus.gov.br/cursos/oferta/416255,416255,5000,Profissionais de saúde com ênfase em profissionais da medicina e enfermagem que atuam em atenção domiciliar e atenção primária à saúde.,EAD,Ensino a Distância,UNA-SUS,"Câncer, Diabetes e Hipertensão, Saúde Mental, Doenças Crônicas",,Abordagem Domiciliar em Situações Clínicas Comuns em Idosos,"Abordagem domiciliar de doenças cardiovasculares, Doenças Musculoesqueléticas, Quedas, atenção domiciliar, autoaprendizagem, casos clínicos interativos, educação a distância, saúde do idoso"
44108,Abordagem Domiciliar em Situações Clínicas Comuns em Idosos,45,9,UFPEL,Universidade Federal de Pelotas,Ensino a Distância,Educação Profissional e Tecnológica,Qualificação Profissional,https://ppuview.unasus.gov.br/arouca_imagens/44108_180.jpg,com oferta encerrada,4,1,Não,,416841,https://www.unasus.gov.br/cursos/oferta/416841,416841,5000,Profissionais de saúde com ênfase em profissionais da medicina e enfermagem que atuam em atenção domiciliar e atenção primária à saúde.,EAD,Ensino a Distância,UNA-SUS,"Câncer, Diabetes e Hipertensão, Saúde Mental, Doenças Crônicas",,,"Abordagem domiciliar de doenças cardiovasculares, Doenças Musculoesqueléticas, Quedas, atenção domiciliar, autoaprendizagem, casos clínicos interativos, educação a distância, saúde do idoso"
44108,Abordagem Domiciliar em Situações Clínicas Comuns em Idosos,45,9,UFPEL,Universidade Federal de Pelotas,Ensino a Distância,Educação Profissional e Tecnológica,Qualificação Profissional,https://ppuview.unasus.gov.br/arouca_imagens/44108_180.jpg,com oferta encerrada,4,1,Não,,416563,https://www.unasus.gov.br/cursos/oferta/416563,416563,5000,Profissionais de saúde com ênfase em profissionais da medicina e enfermagem que atuam em atenção domiciliar e atenção primária à saúde.,EAD,Ensino a Distância,UNA-SUS,"Câncer, Diabetes e Hipertensão, Saúde Mental, Doenças Crônicas",,,"Abordagem domiciliar de doenças cardiovasculares, Doenças Musculoesqueléticas, Quedas, atenção domiciliar, autoaprendizagem, casos clínicos interativos, educação a distância, saúde do idoso"
44108,Abordagem Domiciliar em Situações Clínicas Comuns em Idosos,45,9,UFPEL,Universidade Federal de Pelotas,Ensino a Distância,Educação Profissional e Tecnológica,Qualificação Profissional,https://ppuview.unasus.gov.br/arouca_imagens/44108_180.jpg,com oferta encerrada,4,1,Não,,416842,https://www.unasus.gov.br/cursos/oferta/416842,416842,5001,Profissionais de saúde com ênfase em profissionais da medicina e enfermagem que atuam em atenção domiciliar e atenção primária à saúde.,EAD,Ensino a Distância,UNA-SUS,"Câncer, Diabetes e Hipertensão, Saúde Mental, Doenças Crônicas",,,"Abordagem domiciliar de doenças cardiovasculares, Doenças Musculoesqueléticas, Quedas, atenção domiciliar, autoaprendizagem, casos clínicos interativos, educação a distância, saúde do idoso"
44108,Abordagem Domiciliar em Situações Clínicas Comuns em Idosos,45,9,UFPEL,Universidade Federal de Pelotas,Ensino a Distância,Educação Profissional e Tecnológica,Qualificação Profissional,https://ppuview.unasus.gov.br/arouca_imagens/44108_180.jpg,com oferta encerrada,4,1,Não,,415656,https://www.unasus.gov.br/cursos/oferta/415656,415656,5000,Profissionais de saúde com ênfase em profissionais da medicina e enfermagem que atuam em atenção domiciliar e atenção primária à saúde.,EAD,Ensino a Distância,"UNA-SUS, Atenção Domiciliar","Câncer, Diabetes e Hipertensão, Saúde Mental, Doenças Crônicas",,Abordagem Domiciliar em Situações Clínicas Comuns em Idosos,"Abordagem domiciliar de doenças cardiovasculares, Doenças Musculoesqueléticas, Quedas, atenção domiciliar, autoaprendizagem, casos clínicos interativos, educação a distância, saúde do idoso"
44108,Abordagem Domiciliar em Situações Clínicas Comuns em Idosos,45,9,UFPEL,Universidade Federal de Pelotas,Ensino a Distância,Educação Profissional e Tecnológica,Qualificação Profissional,https://ppuview.unasus.gov.br/arouca_imagens/44108_180.jpg,com oferta encerrada,4,1,Não,,416397,https://www.unasus.gov.br/cursos/oferta/416397,416397,5000,Profissionais de saúde com ênfase em profissionais da medicina e enfermagem que atuam em atenção domiciliar e atenção primária à saúde.,EAD,Ensino a Distância,UNA-SUS,"Câncer, Diabetes e Hipertensão, Saúde Mental, Doenças Crônicas",,,"Abordagem domiciliar de doenças cardiovasculares, Doenças Musculoesqueléticas, Quedas, atenção domiciliar, autoaprendizagem, casos clínicos interativos, educação a distância, saúde do idoso"
45386,Abordagem Domiciliar em Situações Clínicas Comuns em Idosos - Enfermagem,45,9,UFPEL,Universidade Federal de Pelotas,Ensino a Distância,Educação Profissional e Tecnológica,Qualificação Profissional,https://ppuview.unasus.gov.br/arouca_imagens/45386_180.jpg,com oferta aberta,1,1,Não,,417891,https://www.unasus.gov.br/cursos/oferta/417891,417891,10000,Profissionais de saúde com ênfase em profissionais da medicina e enfermagem que atuam em atenção domiciliar e atenção primária à saúde.,EAD,Ensino a Distância,UNA-SUS,,,Este curso foi lançado em 15/06/2015 e esta é sua 11º oferta,"Abordagem domiciliar de doenças cardiovasculares, Doenças Musculoesqueléticas, Quedas, atenção domiciliar, autoaprendizagem, casos clínicos interativos, educação a distância, saúde do idoso"
45386,Abordagem Domiciliar em Situações Clínicas Comuns em Idosos - Enfermagem,45,9,UFPEL,Universidade Federal de Pelotas,Ensino a Distância,Educação Profissional e Tecnológica,Qualificação Profissional,https://ppuview.unasus.gov.br/arouca_imagens/45386_180.jpg,com oferta aberta,1,1,Não,,419192,https://www.unasus.gov.br/cursos/oferta/419192,419192,10000,Profissionais de saúde com ênfase em profissionais da medicina e enfermagem que atuam em atenção domiciliar e atenção primária à saúde.,EAD,Ensino a Distância,UNA-SUS,,,curso,"Abordagem domiciliar de doenças cardiovasculares, Doenças Musculoesqueléticas, Quedas, atenção domiciliar, autoaprendizagem, casos clínicos interativos, educação a distância, saúde do idoso"
45386,Abordagem Domiciliar em Situações Clínicas Comuns em Idosos - Enfermagem,45,9,UFPEL,Universidade Federal de Pelotas,Ensino a Distância,Educação Profissional e Tecnológica,Qualificação Profissional,https://ppuview.unasus.gov.br/arouca_imagens/45386_180.jpg,com oferta aberta,1,1,Não,,419488,https://www.unasus.gov.br/cursos/oferta/419488,419488,10000,Profissionais de saúde com ênfase em profissionais da medicina e enfermagem que atuam em atenção domiciliar e atenção primária à saúde.,EAD,Ensino a Distância,UNA-SUS,,,,"Abordagem domiciliar de doenças cardiovasculares, Doenças Musculoesqueléticas, Quedas, atenção domiciliar, autoaprendizagem, casos clínicos interativos, educação a distância, saúde do idoso"
45386,Abordagem Domiciliar em Situações Clínicas Comuns em Idosos - Enfermagem,45,9,UFPEL,Universidade Federal de Pelotas,Ensino a Distância,Educação Profissional e Tecnológica,Qualificação Profissional,https://ppuview.unasus.gov.br/arouca_imagens/45386_180.jpg,com oferta aberta,1,1,Não,,419626,https://www.unasus.gov.br/cursos/oferta/419626,419626,10000,Profissionais de saúde com ênfase em profissionais da medicina e enfermagem que atuam em atenção domiciliar e atenção primária à saúde.,EAD,Ensino a Distância,UNA-SUS,,,O objetivo do curso é proporcionar aos profissionais de saúde aprimoramento sobre a atenção domiciliar de situações clínicas comuns em idosos.,"Abordagem domiciliar de doenças cardiovasculares, Doenças Musculoesqueléticas, Quedas, atenção domiciliar, autoaprendizagem, casos clínicos interativos, educação a distância, saúde do idoso"
45386,Abordagem Domiciliar em Situações Clínicas Comuns em Idosos - Enfermagem,45,9,UFPEL,Universidade Federal de Pelotas,Ensino a Distância,Educação Profissional e Tecnológica,Qualificação Profissional,https://ppuview.unasus.gov.br/arouca_imagens/45386_180.jpg,com oferta aberta,1,1,Não,,419292,https://www.unasus.gov.br/cursos/oferta/419292,419292,10000,Profissionais de saúde com ênfase em profissionais da medicina e enfermagem que atuam em atenção domiciliar e atenção primária à saúde.,EAD,Ensino a Distância,UNA-SUS,,,,"Abordagem domiciliar de doenças cardiovasculares, Doenças Musculoesqueléticas, Quedas, atenção domiciliar, autoaprendizagem, casos clínicos interativos, educação a distância, saúde do idoso"
45386,Abordagem Domiciliar em Situações Clínicas Comuns em Idosos - Enfermagem,45,9,UFPEL,Universidade Federal de Pelotas,Ensino a Distância,Educação Profissional e Tecnológica,Qualificação Profissional,https://ppuview.unasus.gov.br/arouca_imagens/45386_180.jpg,com oferta aberta,1,1,Não,,418316,https://www.unasus.gov.br/cursos/oferta/418316,418316,10000,Profissionais de saúde com ênfase em profissionais da medicina e enfermagem que atuam em atenção domiciliar e atenção primária à saúde.,EAD,Ensino a Distância,UNA-SUS,,,Este curso foi lançado em 15/06/2015 e esta é sua 12º oferta,"Abordagem domiciliar de doenças cardiovasculares, Doenças Musculoesqueléticas, Quedas, atenção domiciliar, autoaprendizagem, casos clínicos interativos, educação a distância, saúde do idoso"
45386,Abordagem Domiciliar em Situações Clínicas Comuns em Idosos - Enfermagem,45,9,UFPEL,Universidade Federal de Pelotas,Ensino a Distância,Educação Profissional e Tecnológica,Qualificação Profissional,https://ppuview.unasus.gov.br/arouca_imagens/45386_180.jpg,com oferta aberta,1,1,Não,,418949,https://www.unasus.gov.br/cursos/oferta/418949,418949,10000,Profissionais de saúde com ênfase em profissionais da medicina e enfermagem que atuam em atenção domiciliar e atenção primária à saúde.,EAD,Ensino a Distância,UNA-SUS,,,,"Abordagem domiciliar de doenças cardiovasculares, Doenças Musculoesqueléticas, Quedas, atenção domiciliar, autoaprendizagem, casos clínicos interativos, educação a distância, saúde do idoso"
45386,Abordagem Domiciliar em Situações Clínicas Comuns em Idosos - Enfermagem,45,9,UFPEL,Universidade Federal de Pelotas,Ensino a Distância,Educação Profissional e Tecnológica,Qualificação Profissional,https://ppuview.unasus.gov.br/arouca_imagens/45386_180.jpg,com oferta aberta,1,1,Não,,417695,https://www.unasus.gov.br/cursos/oferta/417695,417695,10000,Profissionais de saúde com ênfase em profissionais da medicina e enfermagem que atuam em atenção domiciliar e atenção primária à saúde.,EAD,Ensino a Distância,UNA-SUS,,,Este curso foi lançado em 15/06/2015 e esta é sua 10º oferta,"Abordagem domiciliar de doenças cardiovasculares, Doenças Musculoesqueléticas, Quedas, atenção domiciliar, autoaprendizagem, casos clínicos interativos, educação a distância, saúde do idoso"
45386,Abordagem Domiciliar em Situações Clínicas Comuns em Idosos - Enfermagem,45,9,UFPEL,Universidade Federal de Pelotas,Ensino a Distância,Educação Profissional e Tecnológica,Qualificação Profissional,https://ppuview.unasus.gov.br/arouca_imagens/45386_180.jpg,com oferta aberta,1,1,Não,,417501,https://www.unasus.gov.br/cursos/oferta/417501,417501,10000,Profissionais de saúde com ênfase em profissionais da medicina e enfermagem que atuam em atenção domiciliar e atenção primária à saúde.,EAD,Ensino a Distância,UNA-SUS,,,Este curso foi lançado em 15/06/2015 e esta é sua 9º oferta,"Abordagem domiciliar de doenças cardiovasculares, Doenças Musculoesqueléticas, Quedas, atenção domiciliar, autoaprendizagem, casos clínicos interativos, educação a distância, saúde do idoso"
45386,Abordagem Domiciliar em Situações Clínicas Comuns em Idosos - Enfermagem,45,9,UFPEL,Universidade Federal de Pelotas,Ensino a Distância,Educação Profissional e Tecnológica,Qualificação Profissional,https://ppuview.unasus.gov.br/arouca_imagens/45386_180.jpg,com oferta aberta,1,1,Não,,419098,https://www.unasus.gov.br/cursos/oferta/419098,419098,10000,Profissionais de saúde com ênfase em profissionais da medicina e enfermagem que atuam em atenção domiciliar e atenção primária à saúde.,EAD,Ensino a Distância,UNA-SUS,,,,"Abordagem domiciliar de doenças cardiovasculares, Doenças Musculoesqueléticas, Quedas, atenção domiciliar, autoaprendizagem, casos clínicos interativos, educação a distância, saúde do idoso"
45386,Abordagem Domiciliar em Situações Clínicas Comuns em Idosos - Enfermagem,45,9,UFPEL,Universidade Federal de Pelotas,Ensino a Distância,Educação Profissional e Tecnológica,Qualificação Profissional,https://ppuview.unasus.gov.br/arouca_imagens/45386_180.jpg,com oferta aberta,1,1,Não,,418749,https://www.unasus.gov.br/cursos/oferta/418749,418749,10000,Profissionais de saúde com ênfase em profissionais da medicina e enfermagem que atuam em atenção domiciliar e atenção primária à saúde.,EAD,Ensino a Distância,UNA-SUS,,,,"Abordagem domiciliar de doenças cardiovasculares, Doenças Musculoesqueléticas, Quedas, atenção domiciliar, autoaprendizagem, casos clínicos interativos, educação a distância, saúde do idoso"
45385,Abordagem Domiciliar em Situações Clínicas Comuns em Idosos - Medicina,45,9,UFPEL,Universidade Federal de Pelotas,Ensino a Distância,Educação Profissional e Tecnológica,Qualificação Profissional,https://ppuview.unasus.gov.br/arouca_imagens/45385_180.jpg,com oferta aberta,1,1,Não,,417696,https://www.unasus.gov.br/cursos/oferta/417696,417696,10000,Profissionais de saúde com ênfase em profissionais da medicina e enfermagem que atuam em atenção domiciliar e atenção primária à saúde.,EAD,Ensino a Distância,UNA-SUS,,,Este curso foi lançado em 15/06/2015 e esta é sua 10º oferta,"Abordagem domiciliar de doenças cardiovasculares, Doenças Musculoesqueléticas, Quedas, atenção domiciliar, autoaprendizagem, casos clínicos interativos, educação a distância, saúde do idoso"
45385,Abordagem Domiciliar em Situações Clínicas Comuns em Idosos - Medicina,45,9,UFPEL,Universidade Federal de Pelotas,Ensino a Distância,Educação Profissional e Tecnológica,Qualificação Profissional,https://ppuview.unasus.gov.br/arouca_imagens/45385_180.jpg,com oferta aberta,1,1,Não,,418750,https://www.unasus.gov.br/cursos/oferta/418750,418750,10000,Profissionais de saúde com ênfase em profissionais da medicina e enfermagem que atuam em atenção domiciliar e atenção primária à saúde.,EAD,Ensino a Distância,UNA-SUS,,,,"Abordagem domiciliar de doenças cardiovasculares, Doenças Musculoesqueléticas, Quedas, atenção domiciliar, autoaprendizagem, casos clínicos interativos, educação a distância, saúde do idoso"
45385,Abordagem Domiciliar em Situações Clínicas Comuns em Idosos - Medicina,45,9,UFPEL,Universidade Federal de Pelotas,Ensino a Distância,Educação Profissional e Tecnológica,Qualificação Profissional,https://ppuview.unasus.gov.br/arouca_imagens/45385_180.jpg,com oferta aberta,1,1,Não,,419627,https://www.unasus.gov.br/cursos/oferta/419627,419627,10000,Profissionais de saúde com ênfase em profissionais da medicina e enfermagem que atuam em atenção domiciliar e atenção primária à saúde.,EAD,Ensino a Distância,UNA-SUS,,,O objetivo do curso é proporcionar aos profissionais de saúde aprimoramento sobre a atenção domiciliar de situações clínicas comuns em idosos.,"Abordagem domiciliar de doenças cardiovasculares, Doenças Musculoesqueléticas, Quedas, atenção domiciliar, autoaprendizagem, casos clínicos interativos, educação a distância, saúde do idoso"
45385,Abordagem Domiciliar em Situações Clínicas Comuns em Idosos - Medicina,45,9,UFPEL,Universidade Federal de Pelotas,Ensino a Distância,Educação Profissional e Tecnológica,Qualificação Profissional,https://ppuview.unasus.gov.br/arouca_imagens/45385_180.jpg,com oferta aberta,1,1,Não,,418317,https://www.unasus.gov.br/cursos/oferta/418317,418317,10000,Profissionais de saúde com ênfase em profissionais da medicina e enfermagem que atuam em atenção domiciliar e atenção primária à saúde.,EAD,Ensino a Distância,UNA-SUS,,,Este curso foi lançado em 15/06/2015 e esta é sua 12º oferta,"Abordagem domiciliar de doenças cardiovasculares, Doenças Musculoesqueléticas, Quedas, atenção domiciliar, autoaprendizagem, casos clínicos interativos, educação a distância, saúde do idoso"
45385,Abordagem Domiciliar em Situações Clínicas Comuns em Idosos - Medicina,45,9,UFPEL,Universidade Federal de Pelotas,Ensino a Distância,Educação Profissional e Tecnológica,Qualificação Profissional,https://ppuview.unasus.gov.br/arouca_imagens/45385_180.jpg,com oferta aberta,1,1,Não,,419193,https://www.unasus.gov.br/cursos/oferta/419193,419193,10000,Profissionais de saúde com ênfase em profissionais da medicina e enfermagem que atuam em atenção domiciliar e atenção primária à saúde.,EAD,Ensino a Distância,UNA-SUS,,,,"Abordagem domiciliar de doenças cardiovasculares, Doenças Musculoesqueléticas, Quedas, atenção domiciliar, autoaprendizagem, casos clínicos interativos, educação a distância, saúde do idoso"
45385,Abordagem Domiciliar em Situações Clínicas Comuns em Idosos - Medicina,45,9,UFPEL,Universidade Federal de Pelotas,Ensino a Distância,Educação Profissional e Tecnológica,Qualificação Profissional,https://ppuview.unasus.gov.br/arouca_imagens/45385_180.jpg,com oferta aberta,1,1,Não,,419099,https://www.unasus.gov.br/cursos/oferta/419099,419099,10000,Profissionais de saúde com ênfase em profissionais da medicina e enfermagem que atuam em atenção domiciliar e atenção primária à saúde.,EAD,Ensino a Distância,UNA-SUS,,,,"Abordagem domiciliar de doenças cardiovasculares, Doenças Musculoesqueléticas, Quedas, atenção domiciliar, autoaprendizagem, casos clínicos interativos, educação a distância, saúde do idoso"
45385,Abordagem Domiciliar em Situações Clínicas Comuns em Idosos - Medicina,45,9,UFPEL,Universidade Federal de Pelotas,Ensino a Distância,Educação Profissional e Tecnológica,Qualificação Profissional,https://ppuview.unasus.gov.br/arouca_imagens/45385_180.jpg,com oferta aberta,1,1,Não,,419489,https://www.unasus.gov.br/cursos/oferta/419489,419489,10000,Profissionais de saúde com ênfase em profissionais da medicina e enfermagem que atuam em atenção domiciliar e atenção primária à saúde.,EAD,Ensino a Distância,UNA-SUS,,,,"Abordagem domiciliar de doenças cardiovasculares, Doenças Musculoesqueléticas, Quedas, atenção domiciliar, autoaprendizagem, casos clínicos interativos, educação a distância, saúde do idoso"
45385,Abordagem Domiciliar em Situações Clínicas Comuns em Idosos - Medicina,45,9,UFPEL,Universidade Federal de Pelotas,Ensino a Distância,Educação Profissional e Tecnológica,Qualificação Profissional,https://ppuview.unasus.gov.br/arouca_imagens/45385_180.jpg,com oferta aberta,1,1,Não,,419293,https://www.unasus.gov.br/cursos/oferta/419293,419293,10000,Profissionais de saúde com ênfase em profissionais da medicina e enfermagem que atuam em atenção domiciliar e atenção primária à saúde.,EAD,Ensino a Distância,UNA-SUS,,,,"Abordagem domiciliar de doenças cardiovasculares, Doenças Musculoesqueléticas, Quedas, atenção domiciliar, autoaprendizagem, casos clínicos interativos, educação a distância, saúde do idoso"
45385,Abordagem Domiciliar em Situações Clínicas Comuns em Idosos - Medicina,45,9,UFPEL,Universidade Federal de Pelotas,Ensino a Distância,Educação Profissional e Tecnológica,Qualificação Profissional,https://ppuview.unasus.gov.br/arouca_imagens/45385_180.jpg,com oferta aberta,1,1,Não,,418950,https://www.unasus.gov.br/cursos/oferta/418950,418950,10000,Profissionais de saúde com ênfase em profissionais da medicina e enfermagem que atuam em atenção domiciliar e atenção primária à saúde.,EAD,Ensino a Distância,UNA-SUS,,,,"Abordagem domiciliar de doenças cardiovasculares, Doenças Musculoesqueléticas, Quedas, atenção domiciliar, autoaprendizagem, casos clínicos interativos, educação a distância, saúde do idoso"
45385,Abordagem Domiciliar em Situações Clínicas Comuns em Idosos - Medicina,45,9,UFPEL,Universidade Federal de Pelotas,Ensino a Distância,Educação Profissional e Tecnológica,Qualificação Profissional,https://ppuview.unasus.gov.br/arouca_imagens/45385_180.jpg,com oferta aberta,1,1,Não,,417890,https://www.unasus.gov.br/cursos/oferta/417890,417890,10000,Profissionais de saúde com ênfase em profissionais da medicina e enfermagem que atuam em atenção domiciliar e atenção primária à saúde.,EAD,Ensino a Distância,UNA-SUS,,,Este curso foi lançado em 15/06/2015 e esta é sua 11º oferta,"Abordagem domiciliar de doenças cardiovasculares, Doenças Musculoesqueléticas, Quedas, atenção domiciliar, autoaprendizagem, casos clínicos interativos, educação a distância, saúde do idoso"
45385,Abordagem Domiciliar em Situações Clínicas Comuns em Idosos - Medicina,45,9,UFPEL,Universidade Federal de Pelotas,Ensino a Distância,Educação Profissional e Tecnológica,Qualificação Profissional,https://ppuview.unasus.gov.br/arouca_imagens/45385_180.jpg,com oferta aberta,1,1,Não,,417500,https://www.unasus.gov.br/cursos/oferta/417500,417500,10000,Profissionais de saúde com ênfase em profissionais da medicina e enfermagem que atuam em atenção domiciliar e atenção primária à saúde.,EAD,Ensino a Distância,UNA-SUS,,,Este curso foi lançado em 15/06/2015 e esta é sua 9º oferta,"Abordagem domiciliar de doenças cardiovasculares, Doenças Musculoesqueléticas, Quedas, atenção domiciliar, autoaprendizagem, casos clínicos interativos, educação a distância, saúde do idoso"
6260,Abordagem Domiciliar em Situações Clínicas Comuns Materno-Infantis,60,12,UFMA,Universidade Federal do Maranhão,Ensino a Distância,Educação Profissional e Tecnológica,Qualificação Profissional,https://ppuview.unasus.gov.br/arouca_imagens/6260_180.jpg,com oferta encerrada,4,1,Não,,415303,https://www.unasus.gov.br/cursos/oferta/415303,415303,5000,Todos os profissionais da área da saúde.,EAD,Ensino a Distância,"UNA-SUS, Atenção Domiciliar",,,Quarta oferta do curso,"Anemia Falciforme, Assistência Domiciliar, Cuidado Pré-Natal, Doenças Neuromusculares, Fibrose Cística, Paralisia Cerebral, Recém-Nascido, Serviços de Assistência Domiciliar, Tratamento Domiciliar"
6260,Abordagem Domiciliar em Situações Clínicas Comuns Materno-Infantis,60,12,UFMA,Universidade Federal do Maranhão,Ensino a Distância,Educação Profissional e Tecnológica,Qualificação Profissional,https://ppuview.unasus.gov.br/arouca_imagens/6260_180.jpg,com oferta encerrada,4,1,Não,,415102,https://www.unasus.gov.br/cursos/oferta/415102,415102,5000,Todos os profissionais da área da saúde.,EAD,Ensino a Distância,"UNA-SUS, Atenção Domiciliar",,,Terceira oferta do curso,"Anemia Falciforme, Assistência Domiciliar, Cuidado Pré-Natal, Doenças Neuromusculares, Fibrose Cística, Paralisia Cerebral, Recém-Nascido, Serviços de Assistência Domiciliar, Tratamento Domiciliar"
6260,Abordagem Domiciliar em Situações Clínicas Comuns Materno-Infantis,60,12,UFMA,Universidade Federal do Maranhão,Ensino a Distância,Educação Profissional e Tecnológica,Qualificação Profissional,https://ppuview.unasus.gov.br/arouca_imagens/6260_180.jpg,com oferta encerrada,4,1,Não,,48730,https://www.unasus.gov.br/cursos/oferta/48730,48730,5000,Todos os profissionais da área da saúde.,EAD,Ensino a Distância,"UNA-SUS, Atenção Domiciliar",,,Primeira oferta do curso,"Anemia Falciforme, Assistência Domiciliar, Cuidado Pré-Natal, Doenças Neuromusculares, Fibrose Cística, Paralisia Cerebral, Recém-Nascido, Serviços de Assistência Domiciliar, Tratamento Domiciliar"
6260,Abordagem Domiciliar em Situações Clínicas Comuns Materno-Infantis,60,12,UFMA,Universidade Federal do Maranhão,Ensino a Distância,Educação Profissional e Tecnológica,Qualificação Profissional,https://ppuview.unasus.gov.br/arouca_imagens/6260_180.jpg,com oferta encerrada,4,1,Não,,416106,https://www.unasus.gov.br/cursos/oferta/416106,416106,5000,Todos os profissionais da área da saúde.,EAD,Ensino a Distância,"UNA-SUS, Atenção Domiciliar",,,Quinta oferta do curso.,"Anemia Falciforme, Assistência Domiciliar, Cuidado Pré-Natal, Doenças Neuromusculares, Fibrose Cística, Paralisia Cerebral, Recém-Nascido, Serviços de Assistência Domiciliar, Tratamento Domiciliar"
6260,Abordagem Domiciliar em Situações Clínicas Comuns Materno-Infantis,60,12,UFMA,Universidade Federal do Maranhão,Ensino a Distância,Educação Profissional e Tecnológica,Qualificação Profissional,https://ppuview.unasus.gov.br/arouca_imagens/6260_180.jpg,com oferta encerrada,4,1,Não,,292340,https://www.unasus.gov.br/cursos/oferta/292340,292340,5000,Todos os profissionais da área da saúde.,EAD,Ensino a Distância,"UNA-SUS, Atenção Domiciliar",,,Segunda oferta do curso,"Anemia Falciforme, Assistência Domiciliar, Cuidado Pré-Natal, Doenças Neuromusculares, Fibrose Cística, Paralisia Cerebral, Recém-Nascido, Serviços de Assistência Domiciliar, Tratamento Domiciliar"
45782,Abordagem do Sobrepeso e Obesidade na Atenção Primária em Saúde,30,5,UFSC,Universidade Federal de Santa Catarina,Ensino a Distância,Educação Profissional e Tecnológica,Qualificação Profissional,https://ppuview.unasus.gov.br/arouca_imagens/45782_180.jpg,com oferta aberta,1,1,Não,,417994,https://www.unasus.gov.br/cursos/oferta/417994,417994,200000,"Profissionais de nível superior atuantes na Atenção Primária à Saúde (APS), inclusive Núcleos Ampliados de Saúde da Família para a Atenção Básica (NASF-AB) e Polos de academia da saúde, com prioridade aos: enfermeiros, médicos, nutricionistas, psicólogos, profissionais de educação física e gestores de saúde da APS.",EAD,Ensino a Distância,UNA-SUS,,"C18.654.726.500::Obesidade, C23.888.144.699::Sobrepeso",Primeira oferta do Curso,"Abordagem da obesidade, Obesidade, Sobrepeso"
45782,Abordagem do Sobrepeso e Obesidade na Atenção Primária em Saúde,30,5,UFSC,Universidade Federal de Santa Catarina,Ensino a Distância,Educação Profissional e Tecnológica,Qualificação Profissional,https://ppuview.unasus.gov.br/arouca_imagens/45782_180.jpg,com oferta aberta,1,1,Não,,420028,https://www.unasus.gov.br/cursos/oferta/420028,420028,100000,"Profissionais de nível superior atuantes na Atenção Primária à Saúde (APS), inclusive Núcleos Ampliados de Saúde da Família para a Atenção Básica (NASF-AB) e Polos de academia da saúde, com prioridade aos: enfermeiros, médicos, nutricionistas, psicólogos, profissionais de educação física e gestores de saúde da APS.",EAD,Ensino a Distância,UNA-SUS,,"C18.654.726.500::Obesidade, C23.888.144.699::Sobrepeso",Segunda oferta do curso,"Abordagem da obesidade, Obesidade, Sobrepeso"
45383,Abordagem dos Problemas Respiratórios no Adulto Comuns na Atenção Básica - Enfermagem,45,9,UFPEL,Universidade Federal de Pelotas,Ensino a Distância,Educação Profissional e Tecnológica,Qualificação Profissional,https://ppuview.unasus.gov.br/arouca_imagens/45383_180.jpg,com oferta aberta,1,1,Não,,419498,https://www.unasus.gov.br/cursos/oferta/419498,419498,10000,Profissionais de saúde com ênfase em profissionais da medicina e enfermagem que atuam em atenção domiciliar e atenção primária à saúde.,EAD,Ensino a Distância,UNA-SUS,,,,"Asma, Atenção Primária à Saúde, Autoaprendizagem, Casos Clínicos, Doença Pulmonar Obstrutiva Crônica, Pneumonia, Rinite, Rinossinusite, Tabagismo"
45383,Abordagem dos Problemas Respiratórios no Adulto Comuns na Atenção Básica - Enfermagem,45,9,UFPEL,Universidade Federal de Pelotas,Ensino a Distância,Educação Profissional e Tecnológica,Qualificação Profissional,https://ppuview.unasus.gov.br/arouca_imagens/45383_180.jpg,com oferta aberta,1,1,Não,,417893,https://www.unasus.gov.br/cursos/oferta/417893,417893,10000,Profissionais de saúde com ênfase em profissionais da medicina e enfermagem que atuam em atenção domiciliar e atenção primária à saúde.,EAD,Ensino a Distância,UNA-SUS,,,Este curso foi lançado em 01/01/2019 e esta é sua 2a oferta,"Asma, Atenção Primária à Saúde, Autoaprendizagem, Casos Clínicos, Doença Pulmonar Obstrutiva Crônica, Pneumonia, Rinite, Rinossinusite, Tabagismo"
45383,Abordagem dos Problemas Respiratórios no Adulto Comuns na Atenção Básica - Enfermagem,45,9,UFPEL,Universidade Federal de Pelotas,Ensino a Distância,Educação Profissional e Tecnológica,Qualificação Profissional,https://ppuview.unasus.gov.br/arouca_imagens/45383_180.jpg,com oferta aberta,1,1,Não,,418312,https://www.unasus.gov.br/cursos/oferta/418312,418312,10000,Profissionais de saúde com ênfase em profissionais da medicina e enfermagem que atuam em atenção domiciliar e atenção primária à saúde.,EAD,Ensino a Distância,UNA-SUS,,,Este curso foi lançado em 01/01/2019 e esta é sua 3a oferta,"Asma, Atenção Primária à Saúde, Autoaprendizagem, Casos Clínicos, Doença Pulmonar Obstrutiva Crônica, Pneumonia, Rinite, Rinossinusite, Tabagismo"
45383,Abordagem dos Problemas Respiratórios no Adulto Comuns na Atenção Básica - Enfermagem,45,9,UFPEL,Universidade Federal de Pelotas,Ensino a Distância,Educação Profissional e Tecnológica,Qualificação Profissional,https://ppuview.unasus.gov.br/arouca_imagens/45383_180.jpg,com oferta aberta,1,1,Não,,418951,https://www.unasus.gov.br/cursos/oferta/418951,418951,10000,Profissionais de saúde com ênfase em profissionais da medicina e enfermagem que atuam em atenção domiciliar e atenção primária à saúde.,EAD,Ensino a Distância,UNA-SUS,,,,"Asma, Atenção Primária à Saúde, Autoaprendizagem, Casos Clínicos, Doença Pulmonar Obstrutiva Crônica, Pneumonia, Rinite, Rinossinusite, Tabagismo"
45383,Abordagem dos Problemas Respiratórios no Adulto Comuns na Atenção Básica - Enfermagem,45,9,UFPEL,Universidade Federal de Pelotas,Ensino a Distância,Educação Profissional e Tecnológica,Qualificação Profissional,https://ppuview.unasus.gov.br/arouca_imagens/45383_180.jpg,com oferta aberta,1,1,Não,,419294,https://www.unasus.gov.br/cursos/oferta/419294,419294,10000,Profissionais de saúde com ênfase em profissionais da medicina e enfermagem que atuam em atenção domiciliar e atenção primária à saúde.,EAD,Ensino a Distância,UNA-SUS,,,,"Asma, Atenção Primária à Saúde, Autoaprendizagem, Casos Clínicos, Doença Pulmonar Obstrutiva Crônica, Pneumonia, Rinite, Rinossinusite, Tabagismo"
45383,Abordagem dos Problemas Respiratórios no Adulto Comuns na Atenção Básica - Enfermagem,45,9,UFPEL,Universidade Federal de Pelotas,Ensino a Distância,Educação Profissional e Tecnológica,Qualificação Profissional,https://ppuview.unasus.gov.br/arouca_imagens/45383_180.jpg,com oferta aberta,1,1,Não,,419628,https://www.unasus.gov.br/cursos/oferta/419628,419628,10000,Profissionais de saúde com ênfase em profissionais da medicina e enfermagem que atuam em atenção domiciliar e atenção primária à saúde.,EAD,Ensino a Distância,UNA-SUS,,,Descrição não cadastrada.,"Asma, Atenção Primária à Saúde, Autoaprendizagem, Casos Clínicos, Doença Pulmonar Obstrutiva Crônica, Pneumonia, Rinite, Rinossinusite, Tabagismo"
45383,Abordagem dos Problemas Respiratórios no Adulto Comuns na Atenção Básica - Enfermagem,45,9,UFPEL,Universidade Federal de Pelotas,Ensino a Distância,Educação Profissional e Tecnológica,Qualificação Profissional,https://ppuview.unasus.gov.br/arouca_imagens/45383_180.jpg,com oferta aberta,1,1,Não,,417797,https://www.unasus.gov.br/cursos/oferta/417797,417797,10000,Profissionais de saúde com ênfase em profissionais da medicina e enfermagem que atuam em atenção domiciliar e atenção primária à saúde.,EAD,Ensino a Distância,UNA-SUS,,,Este curso está em sua primeira oferta,"Asma, Atenção Primária à Saúde, Autoaprendizagem, Casos Clínicos, Doença Pulmonar Obstrutiva Crônica, Pneumonia, Rinite, Rinossinusite, Tabagismo"
45383,Abordagem dos Problemas Respiratórios no Adulto Comuns na Atenção Básica - Enfermagem,45,9,UFPEL,Universidade Federal de Pelotas,Ensino a Distância,Educação Profissional e Tecnológica,Qualificação Profissional,https://ppuview.unasus.gov.br/arouca_imagens/45383_180.jpg,com oferta aberta,1,1,Não,,417497,https://www.unasus.gov.br/cursos/oferta/417497,417497,10000,Profissionais de saúde com ênfase em profissionais da medicina e enfermagem que atuam em atenção domiciliar e atenção primária à saúde.,EAD,Ensino a Distância,UNA-SUS,,,Lançado em 01/09/2018 este curso está em sua primeira oferta,"Asma, Atenção Primária à Saúde, Autoaprendizagem, Casos Clínicos, Doença Pulmonar Obstrutiva Crônica, Pneumonia, Rinite, Rinossinusite, Tabagismo"
45383,Abordagem dos Problemas Respiratórios no Adulto Comuns na Atenção Básica - Enfermagem,45,9,UFPEL,Universidade Federal de Pelotas,Ensino a Distância,Educação Profissional e Tecnológica,Qualificação Profissional,https://ppuview.unasus.gov.br/arouca_imagens/45383_180.jpg,com oferta aberta,1,1,Não,,418754,https://www.unasus.gov.br/cursos/oferta/418754,418754,10000,Profissionais de saúde com ênfase em profissionais da medicina e enfermagem que atuam em atenção domiciliar e atenção primária à saúde.,EAD,Ensino a Distância,UNA-SUS,,,,"Asma, Atenção Primária à Saúde, Autoaprendizagem, Casos Clínicos, Doença Pulmonar Obstrutiva Crônica, Pneumonia, Rinite, Rinossinusite, Tabagismo"
45383,Abordagem dos Problemas Respiratórios no Adulto Comuns na Atenção Básica - Enfermagem,45,9,UFPEL,Universidade Federal de Pelotas,Ensino a Distância,Educação Profissional e Tecnológica,Qualificação Profissional,https://ppuview.unasus.gov.br/arouca_imagens/45383_180.jpg,com oferta aberta,1,1,Não,,419100,https://www.unasus.gov.br/cursos/oferta/419100,419100,10000,Profissionais de saúde com ênfase em profissionais da medicina e enfermagem que atuam em atenção domiciliar e atenção primária à saúde.,EAD,Ensino a Distância,UNA-SUS,,,,"Asma, Atenção Primária à Saúde, Autoaprendizagem, Casos Clínicos, Doença Pulmonar Obstrutiva Crônica, Pneumonia, Rinite, Rinossinusite, Tabagismo"
45383,Abordagem dos Problemas Respiratórios no Adulto Comuns na Atenção Básica - Enfermagem,45,9,UFPEL,Universidade Federal de Pelotas,Ensino a Distância,Educação Profissional e Tecnológica,Qualificação Profissional,https://ppuview.unasus.gov.br/arouca_imagens/45383_180.jpg,com oferta aberta,1,1,Não,,419194,https://www.unasus.gov.br/cursos/oferta/419194,419194,10000,Profissionais de saúde com ênfase em profissionais da medicina e enfermagem que atuam em atenção domiciliar e atenção primária à saúde.,EAD,Ensino a Distância,UNA-SUS,,,,"Asma, Atenção Primária à Saúde, Autoaprendizagem, Casos Clínicos, Doença Pulmonar Obstrutiva Crônica, Pneumonia, Rinite, Rinossinusite, Tabagismo"
45384,Abordagem dos Problemas Respiratórios no Adulto Comuns na Atenção Básica - Medicina,45,9,UFPEL,Universidade Federal de Pelotas,Ensino a Distância,Educação Profissional e Tecnológica,Qualificação Profissional,https://ppuview.unasus.gov.br/arouca_imagens/45384_180.jpg,com oferta aberta,1,1,Não,,419490,https://www.unasus.gov.br/cursos/oferta/419490,419490,10000,Profissionais de saúde com ênfase em profissionais da medicina e enfermagem que atuam em atenção domiciliar e atenção primária à saúde.,EAD,Ensino a Distância,UNA-SUS,,,,"Asma, Atenção Primária à Saúde, Autoaprendizagem, Casos Clínicos, Doença Pulmonar Obstrutiva Crônica, Pneumonia, Rinite, Rinossinusite, Tabagismo"
45384,Abordagem dos Problemas Respiratórios no Adulto Comuns na Atenção Básica - Medicina,45,9,UFPEL,Universidade Federal de Pelotas,Ensino a Distância,Educação Profissional e Tecnológica,Qualificação Profissional,https://ppuview.unasus.gov.br/arouca_imagens/45384_180.jpg,com oferta aberta,1,1,Não,,418755,https://www.unasus.gov.br/cursos/oferta/418755,418755,10000,Profissionais de saúde com ênfase em profissionais da medicina e enfermagem que atuam em atenção domiciliar e atenção primária à saúde.,EAD,Ensino a Distância,UNA-SUS,,,,"Asma, Atenção Primária à Saúde, Autoaprendizagem, Casos Clínicos, Doença Pulmonar Obstrutiva Crônica, Pneumonia, Rinite, Rinossinusite, Tabagismo"
45384,Abordagem dos Problemas Respiratórios no Adulto Comuns na Atenção Básica - Medicina,45,9,UFPEL,Universidade Federal de Pelotas,Ensino a Distância,Educação Profissional e Tecnológica,Qualificação Profissional,https://ppuview.unasus.gov.br/arouca_imagens/45384_180.jpg,com oferta aberta,1,1,Não,,419195,https://www.unasus.gov.br/cursos/oferta/419195,419195,10000,Profissionais de saúde com ênfase em profissionais da medicina e enfermagem que atuam em atenção domiciliar e atenção primária à saúde.,EAD,Ensino a Distância,UNA-SUS,,,,"Asma, Atenção Primária à Saúde, Autoaprendizagem, Casos Clínicos, Doença Pulmonar Obstrutiva Crônica, Pneumonia, Rinite, Rinossinusite, Tabagismo"
45384,Abordagem dos Problemas Respiratórios no Adulto Comuns na Atenção Básica - Medicina,45,9,UFPEL,Universidade Federal de Pelotas,Ensino a Distância,Educação Profissional e Tecnológica,Qualificação Profissional,https://ppuview.unasus.gov.br/arouca_imagens/45384_180.jpg,com oferta aberta,1,1,Não,,419101,https://www.unasus.gov.br/cursos/oferta/419101,419101,10000,Profissionais de saúde com ênfase em profissionais da medicina e enfermagem que atuam em atenção domiciliar e atenção primária à saúde.,EAD,Ensino a Distância,UNA-SUS,,,,"Asma, Atenção Primária à Saúde, Autoaprendizagem, Casos Clínicos, Doença Pulmonar Obstrutiva Crônica, Pneumonia, Rinite, Rinossinusite, Tabagismo"
45384,Abordagem dos Problemas Respiratórios no Adulto Comuns na Atenção Básica - Medicina,45,9,UFPEL,Universidade Federal de Pelotas,Ensino a Distância,Educação Profissional e Tecnológica,Qualificação Profissional,https://ppuview.unasus.gov.br/arouca_imagens/45384_180.jpg,com oferta aberta,1,1,Não,,417892,https://www.unasus.gov.br/cursos/oferta/417892,417892,10000,Profissionais de saúde com ênfase em profissionais da medicina e enfermagem que atuam em atenção domiciliar e atenção primária à saúde.,EAD,Ensino a Distância,UNA-SUS,,,Este curso foi lançado em 01/01/2019 e esta é sua 2a oferta,"Asma, Atenção Primária à Saúde, Autoaprendizagem, Casos Clínicos, Doença Pulmonar Obstrutiva Crônica, Pneumonia, Rinite, Rinossinusite, Tabagismo"
45384,Abordagem dos Problemas Respiratórios no Adulto Comuns na Atenção Básica - Medicina,45,9,UFPEL,Universidade Federal de Pelotas,Ensino a Distância,Educação Profissional e Tecnológica,Qualificação Profissional,https://ppuview.unasus.gov.br/arouca_imagens/45384_180.jpg,com oferta aberta,1,1,Não,,418952,https://www.unasus.gov.br/cursos/oferta/418952,418952,10000,Profissionais de saúde com ênfase em profissionais da medicina e enfermagem que atuam em atenção domiciliar e atenção primária à saúde.,EAD,Ensino a Distância,UNA-SUS,,,,"Asma, Atenção Primária à Saúde, Autoaprendizagem, Casos Clínicos, Doença Pulmonar Obstrutiva Crônica, Pneumonia, Rinite, Rinossinusite, Tabagismo"
45384,Abordagem dos Problemas Respiratórios no Adulto Comuns na Atenção Básica - Medicina,45,9,UFPEL,Universidade Federal de Pelotas,Ensino a Distância,Educação Profissional e Tecnológica,Qualificação Profissional,https://ppuview.unasus.gov.br/arouca_imagens/45384_180.jpg,com oferta aberta,1,1,Não,,419295,https://www.unasus.gov.br/cursos/oferta/419295,419295,10000,Profissionais de saúde com ênfase em profissionais da medicina e enfermagem que atuam em atenção domiciliar e atenção primária à saúde.,EAD,Ensino a Distância,UNA-SUS,,,,"Asma, Atenção Primária à Saúde, Autoaprendizagem, Casos Clínicos, Doença Pulmonar Obstrutiva Crônica, Pneumonia, Rinite, Rinossinusite, Tabagismo"
45384,Abordagem dos Problemas Respiratórios no Adulto Comuns na Atenção Básica - Medicina,45,9,UFPEL,Universidade Federal de Pelotas,Ensino a Distância,Educação Profissional e Tecnológica,Qualificação Profissional,https://ppuview.unasus.gov.br/arouca_imagens/45384_180.jpg,com oferta aberta,1,1,Não,,419629,https://www.unasus.gov.br/cursos/oferta/419629,419629,10000,Profissionais de saúde com ênfase em profissionais da medicina e enfermagem que atuam em atenção domiciliar e atenção primária à saúde.,EAD,Ensino a Distância,UNA-SUS,,,Descrição não cadastrada.,"Asma, Atenção Primária à Saúde, Autoaprendizagem, Casos Clínicos, Doença Pulmonar Obstrutiva Crônica, Pneumonia, Rinite, Rinossinusite, Tabagismo"
45384,Abordagem dos Problemas Respiratórios no Adulto Comuns na Atenção Básica - Medicina,45,9,UFPEL,Universidade Federal de Pelotas,Ensino a Distância,Educação Profissional e Tecnológica,Qualificação Profissional,https://ppuview.unasus.gov.br/arouca_imagens/45384_180.jpg,com oferta aberta,1,1,Não,,417798,https://www.unasus.gov.br/cursos/oferta/417798,417798,10000,Profissionais de saúde com ênfase em profissionais da medicina e enfermagem que atuam em atenção domiciliar e atenção primária à saúde.,EAD,Ensino a Distância,UNA-SUS,,,Este curso está em sua primeira oferta.,"Asma, Atenção Primária à Saúde, Autoaprendizagem, Casos Clínicos, Doença Pulmonar Obstrutiva Crônica, Pneumonia, Rinite, Rinossinusite, Tabagismo"
45384,Abordagem dos Problemas Respiratórios no Adulto Comuns na Atenção Básica - Medicina,45,9,UFPEL,Universidade Federal de Pelotas,Ensino a Distância,Educação Profissional e Tecnológica,Qualificação Profissional,https://ppuview.unasus.gov.br/arouca_imagens/45384_180.jpg,com oferta aberta,1,1,Não,,418313,https://www.unasus.gov.br/cursos/oferta/418313,418313,10000,Profissionais de saúde com ênfase em profissionais da medicina e enfermagem que atuam em atenção domiciliar e atenção primária à saúde.,EAD,Ensino a Distância,UNA-SUS,,,Este curso foi lançado em 01/01/2019 e esta é sua 3a oferta,"Asma, Atenção Primária à Saúde, Autoaprendizagem, Casos Clínicos, Doença Pulmonar Obstrutiva Crônica, Pneumonia, Rinite, Rinossinusite, Tabagismo"
46764,Abordagem Familiar,10,4511661,FIOCRUZ - BRASÍLIA,Fundação Oswaldo Cruz - Brasília,Ensino a Distância,Outros,Qualificação,https://ppuview.unasus.gov.br/arouca_imagens/46764_180.jpg,com oferta encerrada,4,1,Não,,419337,https://www.unasus.gov.br/cursos/oferta/419337,419337,3000,Preceptores da rede pública de saúde.,EAD,Ensino a Distância,"UNA-SUS, SE/UNASUS",Educação em Saúde,"I02.358.556::Educação Profissional em Saúde Pública, I02.358.968::Preceptoria, M01.526.485::Pessoal de Saúde, SP2.021.172::Educação em Saúde",Esta é a primeira oferta do microcurso.,"Abordagem Familiar, Aperfeiçoamento, Estratégias de abordagem familiar, Ferramentas da abordagem familiar, Formação, Multiprofissional, Profissionais de Saúde, Programa de preceptoria"
46764,Abordagem Familiar,10,4511661,FIOCRUZ - BRASÍLIA,Fundação Oswaldo Cruz - Brasília,Ensino a Distância,Outros,Qualificação,https://ppuview.unasus.gov.br/arouca_imagens/46764_180.jpg,com oferta encerrada,4,1,Não,,420058,https://www.unasus.gov.br/cursos/oferta/420058,420058,3000,Preceptores da rede pública de saúde.,EAD,Ensino a Distância,"UNA-SUS, SE/UNASUS",Educação em Saúde,"I02.358.556::Educação Profissional em Saúde Pública, I02.358.968::Preceptoria, M01.526.485::Pessoal de Saúde, SP2.021.172::Educação em Saúde",Esta é a segunda oferta do curso.,"Abordagem Familiar, Aperfeiçoamento, Estratégias de abordagem familiar, Ferramentas da abordagem familiar, Formação, Multiprofissional, Profissionais de Saúde, Programa de preceptoria"
45664,Abordagem familiar e manejo das fragilidades e da rede de apoio,12,4511661,FIOCRUZ - BRASÍLIA,Fundação Oswaldo Cruz - Brasília,Ensino a Distância,Outros,Qualificação,https://ppuview.unasus.gov.br/arouca_imagens/45664_180.jpg,com oferta aberta,1,1,Não,,418228,https://www.unasus.gov.br/cursos/oferta/418228,418228,50000,"Prioritário: Profissionais de saúde de nível médio e técnico, que atuem com saúde da pessoa idosa.
Secundário: Profissionais de saúde em todos os níveis, que atuem com saúde da pessoa idosa.",EAD,Ensino a Distância,"UNA-SUS, SE/UNASUS, SAS","Atenção Primária / Saúde da Família, Políticas de Saúde e Planejamento, Promoção da Saúde, Saúde do Idoso","G07.345.124::Envelhecimento, M01.060.116.100::Idoso, N02.421.320::Serviços de Saúde para Idosos, SP2.016.122::Assistência Integral à Saúde, SP3.066::Dinâmica Populacional",Esta é a segunda oferta do curso.,"Atenção Integral à Saúde, Avaliação Multidimensional, Envelhecimento, Pessoa Idosa"
45664,Abordagem familiar e manejo das fragilidades e da rede de apoio,12,4511661,FIOCRUZ - BRASÍLIA,Fundação Oswaldo Cruz - Brasília,Ensino a Distância,Outros,Qualificação,https://ppuview.unasus.gov.br/arouca_imagens/45664_180.jpg,com oferta aberta,1,1,Não,,419063,https://www.unasus.gov.br/cursos/oferta/419063,419063,50000,"Prioritário: Profissionais de saúde de nível médio e técnico, que atuem com saúde da pessoa idosa.
Secundário: Profissionais de saúde em todos os níveis, que atuem com saúde da pessoa idosa.",EAD,Ensino a Distância,"UNA-SUS, SE/UNASUS, SAS","Atenção Primária / Saúde da Família, Políticas de Saúde e Planejamento, Promoção da Saúde, Saúde do Idoso","G07.345.124::Envelhecimento, M01.060.116.100::Idoso, N02.421.320::Serviços de Saúde para Idosos, SP2.016.122::Assistência Integral à Saúde, SP3.066::Dinâmica Populacional",Esta é a quarta oferta do curso.,"Atenção Integral à Saúde, Avaliação Multidimensional, Envelhecimento, Pessoa Idosa"
45664,Abordagem familiar e manejo das fragilidades e da rede de apoio,12,4511661,FIOCRUZ - BRASÍLIA,Fundação Oswaldo Cruz - Brasília,Ensino a Distância,Outros,Qualificação,https://ppuview.unasus.gov.br/arouca_imagens/45664_180.jpg,com oferta aberta,1,1,Não,,418610,https://www.unasus.gov.br/cursos/oferta/418610,418610,50000,"Prioritário: Profissionais de saúde de nível médio e técnico, que atuem com saúde da pessoa idosa.
Secundário: Profissionais de saúde em todos os níveis, que atuem com saúde da pessoa idosa.",EAD,Ensino a Distância,"UNA-SUS, SE/UNASUS, SAS","Atenção Primária / Saúde da Família, Políticas de Saúde e Planejamento, Promoção da Saúde, Saúde do Idoso","G07.345.124::Envelhecimento, M01.060.116.100::Idoso, N02.421.320::Serviços de Saúde para Idosos, SP2.016.122::Assistência Integral à Saúde, SP3.066::Dinâmica Populacional",Esta é a terceira oferta do curso.,"Atenção Integral à Saúde, Avaliação Multidimensional, Envelhecimento, Pessoa Idosa"
45664,Abordagem familiar e manejo das fragilidades e da rede de apoio,12,4511661,FIOCRUZ - BRASÍLIA,Fundação Oswaldo Cruz - Brasília,Ensino a Distância,Outros,Qualificação,https://ppuview.unasus.gov.br/arouca_imagens/45664_180.jpg,com oferta aberta,1,1,Não,,417872,https://www.unasus.gov.br/cursos/oferta/417872,417872,50000,"Prioritário: Profissionais de saúde de nível médio e técnico, que atuem com saúde da pessoa idosa.
Secundário: Profissionais de saúde em todos os níveis, que atuem com saúde da pessoa idosa.",EAD,Ensino a Distância,"UNA-SUS, SE/UNASUS, SAS","Atenção Primária / Saúde da Família, Políticas de Saúde e Planejamento, Promoção da Saúde, Saúde do Idoso","G07.345.124::Envelhecimento, M01.060.116.100::Idoso, N02.421.320::Serviços de Saúde para Idosos, SP2.016.122::Assistência Integral à Saúde, SP3.066::Dinâmica Populacional",Esta é a primeira oferta do curso.,"Atenção Integral à Saúde, Avaliação Multidimensional, Envelhecimento, Pessoa Idosa"
45664,Abordagem familiar e manejo das fragilidades e da rede de apoio,12,4511661,FIOCRUZ - BRASÍLIA,Fundação Oswaldo Cruz - Brasília,Ensino a Distância,Outros,Qualificação,https://ppuview.unasus.gov.br/arouca_imagens/45664_180.jpg,com oferta aberta,1,1,Não,,419562,https://www.unasus.gov.br/cursos/oferta/419562,419562,50000,"Prioritário: Profissionais de saúde de nível médio e técnico, que atuem com saúde da pessoa idosa.
Secundário: Profissionais de saúde em todos os níveis, que atuem com saúde da pessoa idosa.",EAD,Ensino a Distância,"UNA-SUS, SE/UNASUS, SAS","Atenção Primária / Saúde da Família, Políticas de Saúde e Planejamento, Promoção da Saúde, Saúde do Idoso","G07.345.124::Envelhecimento, M01.060.116.100::Idoso, N02.421.320::Serviços de Saúde para Idosos, SP2.016.122::Assistência Integral à Saúde, SP3.066::Dinâmica Populacional",Nona oferta do curso.,"Atenção Integral à Saúde, Avaliação Multidimensional, Envelhecimento, Pessoa Idosa"
45664,Abordagem familiar e manejo das fragilidades e da rede de apoio,12,4511661,FIOCRUZ - BRASÍLIA,Fundação Oswaldo Cruz - Brasília,Ensino a Distância,Outros,Qualificação,https://ppuview.unasus.gov.br/arouca_imagens/45664_180.jpg,com oferta aberta,1,1,Não,,419449,https://www.unasus.gov.br/cursos/oferta/419449,419449,50000,"Prioritário: Profissionais de saúde de nível médio e técnico, que atuem com saúde da pessoa idosa.
Secundário: Profissionais de saúde em todos os níveis, que atuem com saúde da pessoa idosa.",EAD,Ensino a Distância,"UNA-SUS, SE/UNASUS, SAS","Atenção Primária / Saúde da Família, Políticas de Saúde e Planejamento, Promoção da Saúde, Saúde do Idoso","G07.345.124::Envelhecimento, M01.060.116.100::Idoso, N02.421.320::Serviços de Saúde para Idosos, SP2.016.122::Assistência Integral à Saúde, SP3.066::Dinâmica Populacional",Esta é a oitava oferta do curso.,"Atenção Integral à Saúde, Avaliação Multidimensional, Envelhecimento, Pessoa Idosa"
45664,Abordagem familiar e manejo das fragilidades e da rede de apoio,12,4511661,FIOCRUZ - BRASÍLIA,Fundação Oswaldo Cruz - Brasília,Ensino a Distância,Outros,Qualificação,https://ppuview.unasus.gov.br/arouca_imagens/45664_180.jpg,com oferta aberta,1,1,Não,,418868,https://www.unasus.gov.br/cursos/oferta/418868,418868,50000,"Prioritário: Profissionais de saúde de nível médio e técnico, que atuem com saúde da pessoa idosa.
Secundário: Profissionais de saúde em todos os níveis, que atuem com saúde da pessoa idosa.",EAD,Ensino a Distância,"UNA-SUS, SE/UNASUS, SAS","Atenção Primária / Saúde da Família, Políticas de Saúde e Planejamento, Promoção da Saúde, Saúde do Idoso","G07.345.124::Envelhecimento, M01.060.116.100::Idoso, N02.421.320::Serviços de Saúde para Idosos, SP2.016.122::Assistência Integral à Saúde, SP3.066::Dinâmica Populacional",Esta é a terceira oferta do curso.,"Atenção Integral à Saúde, Avaliação Multidimensional, Envelhecimento, Pessoa Idosa"
45664,Abordagem familiar e manejo das fragilidades e da rede de apoio,12,4511661,FIOCRUZ - BRASÍLIA,Fundação Oswaldo Cruz - Brasília,Ensino a Distância,Outros,Qualificação,https://ppuview.unasus.gov.br/arouca_imagens/45664_180.jpg,com oferta aberta,1,1,Não,,419156,https://www.unasus.gov.br/cursos/oferta/419156,419156,50000,"Prioritário: Profissionais de saúde de nível médio e técnico, que atuem com saúde da pessoa idosa.
Secundário: Profissionais de saúde em todos os níveis, que atuem com saúde da pessoa idosa.",EAD,Ensino a Distância,"UNA-SUS, SE/UNASUS, SAS","Atenção Primária / Saúde da Família, Políticas de Saúde e Planejamento, Promoção da Saúde, Saúde do Idoso","G07.345.124::Envelhecimento, M01.060.116.100::Idoso, N02.421.320::Serviços de Saúde para Idosos, SP2.016.122::Assistência Integral à Saúde, SP3.066::Dinâmica Populacional",Esta é a sexta oferta do curso.,"Atenção Integral à Saúde, Avaliação Multidimensional, Envelhecimento, Pessoa Idosa"
45664,Abordagem familiar e manejo das fragilidades e da rede de apoio,12,4511661,FIOCRUZ - BRASÍLIA,Fundação Oswaldo Cruz - Brasília,Ensino a Distância,Outros,Qualificação,https://ppuview.unasus.gov.br/arouca_imagens/45664_180.jpg,com oferta aberta,1,1,Não,,419257,https://www.unasus.gov.br/cursos/oferta/419257,419257,50000,"Prioritário: Profissionais de saúde de nível médio e técnico, que atuem com saúde da pessoa idosa.
Secundário: Profissionais de saúde em todos os níveis, que atuem com saúde da pessoa idosa.",EAD,Ensino a Distância,"UNA-SUS, SE/UNASUS, SAS","Atenção Primária / Saúde da Família, Políticas de Saúde e Planejamento, Promoção da Saúde, Saúde do Idoso","G07.345.124::Envelhecimento, M01.060.116.100::Idoso, N02.421.320::Serviços de Saúde para Idosos, SP2.016.122::Assistência Integral à Saúde, SP3.066::Dinâmica Populacional",Esta é a sétima oferta do curso.,"Atenção Integral à Saúde, Avaliação Multidimensional, Envelhecimento, Pessoa Idosa"
35908,Abordagem Familiar na Atenção Domiciliar,30,10,UFCSPA,Universidade Federal de Ciências da Saúde de Porto Alegre,Ensino a Distância,Educação Profissional e Tecnológica,Qualificação Profissional,https://ppuview.unasus.gov.br/arouca_imagens/35908_180.jpg,com oferta encerrada,4,1,Não,,417080,https://www.unasus.gov.br/cursos/oferta/417080,417080,1300,Profissionais e estudantes da área da saúde,EAD,Ensino a Distância,UNA-SUS,"Educação em Saúde, Ética e Bioética, Promoção da Saúde",,,"Abordagem familiar, Atenção primária, Educação em saúde, Saúde da familia, Ética"
35908,Abordagem Familiar na Atenção Domiciliar,30,10,UFCSPA,Universidade Federal de Ciências da Saúde de Porto Alegre,Ensino a Distância,Educação Profissional e Tecnológica,Qualificação Profissional,https://ppuview.unasus.gov.br/arouca_imagens/35908_180.jpg,com oferta encerrada,4,1,Não,,416353,https://www.unasus.gov.br/cursos/oferta/416353,416353,2000,Profissionais e estudantes da área da saúde,EAD,Ensino a Distância,"UNA-SUS, Atenção Domiciliar","Educação em Saúde, Ética e Bioética, Promoção da Saúde",,Quarta turma do curso de Abordagem Familiar na Atenção Domiciliar,"Abordagem familiar, Atenção primária, Educação em saúde, Saúde da familia, Ética"
35908,Abordagem Familiar na Atenção Domiciliar,30,10,UFCSPA,Universidade Federal de Ciências da Saúde de Porto Alegre,Ensino a Distância,Educação Profissional e Tecnológica,Qualificação Profissional,https://ppuview.unasus.gov.br/arouca_imagens/35908_180.jpg,com oferta encerrada,4,1,Não,,418802,https://www.unasus.gov.br/cursos/oferta/418802,418802,15000,Profissionais e estudantes da área da saúde,EAD,Ensino a Distância,UNA-SUS,"Educação em Saúde, Ética e Bioética, Promoção da Saúde",,"O módulo apresenta os aspectos teóricos e assistenciais da Abordagem Familiar. Aborda os conceitos de cuidado e autonomia, abordagem integral, risco familiar, visita domiciliar e ferramentas de abordagem familiar. O módulo capacita o aluno a conhecer como organizar e manter contato com a família durante o curso da assistência domiciliar; também a coordenar a gestão do cuidado em colaboração com a pessoa assistida, com a família e com o cuidador; prepara para identificar o impacto da doença na dinâmica familiar; a reconhecer e manejar situações disfuncionais ou de risco que interfiram na assistência domiciliar.","Abordagem familiar, Atenção primária, Educação em saúde, Saúde da familia, Ética"
35908,Abordagem Familiar na Atenção Domiciliar,30,10,UFCSPA,Universidade Federal de Ciências da Saúde de Porto Alegre,Ensino a Distância,Educação Profissional e Tecnológica,Qualificação Profissional,https://ppuview.unasus.gov.br/arouca_imagens/35908_180.jpg,com oferta encerrada,4,1,Não,,417741,https://www.unasus.gov.br/cursos/oferta/417741,417741,1000,Profissionais e estudantes da área da saúde,EAD,Ensino a Distância,UNA-SUS,"Educação em Saúde, Ética e Bioética, Promoção da Saúde",,Curso Abordagem Familiar na Atenção Domiciliar ofertada para os alunos da 3ª turma do Curso de Especialização de Preceptoria em MFC.,"Abordagem familiar, Atenção primária, Educação em saúde, Saúde da familia, Ética"
35908,Abordagem Familiar na Atenção Domiciliar,30,10,UFCSPA,Universidade Federal de Ciências da Saúde de Porto Alegre,Ensino a Distância,Educação Profissional e Tecnológica,Qualificação Profissional,https://ppuview.unasus.gov.br/arouca_imagens/35908_180.jpg,com oferta encerrada,4,1,Não,,418169,https://www.unasus.gov.br/cursos/oferta/418169,418169,15000,Profissionais e estudantes da área da saúde,EAD,Ensino a Distância,UNA-SUS,"Educação em Saúde, Ética e Bioética, Promoção da Saúde",,11ª Oferta do Curso  de Abordagem Familiar na Atenção Domiciliar,"Abordagem familiar, Atenção primária, Educação em saúde, Saúde da familia, Ética"
35908,Abordagem Familiar na Atenção Domiciliar,30,10,UFCSPA,Universidade Federal de Ciências da Saúde de Porto Alegre,Ensino a Distância,Educação Profissional e Tecnológica,Qualificação Profissional,https://ppuview.unasus.gov.br/arouca_imagens/35908_180.jpg,com oferta encerrada,4,1,Não,,417144,https://www.unasus.gov.br/cursos/oferta/417144,417144,880,Profissionais e estudantes da área da saúde,EAD,Ensino a Distância,UNA-SUS,"Educação em Saúde, Ética e Bioética, Promoção da Saúde",,Primeira Oferta de 2018 do Curso Abordagem Familiar na Atenção Domiciliar ofertada para os alunos do Curso de Especialização de Preceptoria em MFC.,"Abordagem familiar, Atenção primária, Educação em saúde, Saúde da familia, Ética"
35908,Abordagem Familiar na Atenção Domiciliar,30,10,UFCSPA,Universidade Federal de Ciências da Saúde de Porto Alegre,Ensino a Distância,Educação Profissional e Tecnológica,Qualificação Profissional,https://ppuview.unasus.gov.br/arouca_imagens/35908_180.jpg,com oferta encerrada,4,1,Não,,419089,https://www.unasus.gov.br/cursos/oferta/419089,419089,15000,Profissionais e estudantes da área da saúde,EAD,Ensino a Distância,UNA-SUS,"Educação em Saúde, Ética e Bioética, Promoção da Saúde",,"O módulo apresenta os aspectos teóricos e assistenciais da Abordagem Familiar. Aborda os conceitos de cuidado e autonomia, abordagem integral, risco familiar, visita domiciliar e ferramentas de abordagem familiar. O módulo capacita o aluno a conhecer como organizar e manter contato com a família durante o curso da assistência domiciliar; também a coordenar a gestão do cuidado em colaboração com a pessoa assistida, com a família e com o cuidador; prepara para identificar o impacto da doença na dinâmica familiar; a reconhecer e manejar situações disfuncionais ou de risco que interfiram na assistência domiciliar.","Abordagem familiar, Atenção primária, Educação em saúde, Saúde da familia, Ética"
35908,Abordagem Familiar na Atenção Domiciliar,30,10,UFCSPA,Universidade Federal de Ciências da Saúde de Porto Alegre,Ensino a Distância,Educação Profissional e Tecnológica,Qualificação Profissional,https://ppuview.unasus.gov.br/arouca_imagens/35908_180.jpg,com oferta encerrada,4,1,Não,,416282,https://www.unasus.gov.br/cursos/oferta/416282,416282,1000,Profissionais e estudantes da área da saúde,EAD,Ensino a Distância,"UNA-SUS, Atenção Domiciliar","Educação em Saúde, Ética e Bioética, Promoção da Saúde",,Terceira turma do curso de Abordagem Familiar na Atenção Domiciliar,"Abordagem familiar, Atenção primária, Educação em saúde, Saúde da familia, Ética"
35908,Abordagem Familiar na Atenção Domiciliar,30,10,UFCSPA,Universidade Federal de Ciências da Saúde de Porto Alegre,Ensino a Distância,Educação Profissional e Tecnológica,Qualificação Profissional,https://ppuview.unasus.gov.br/arouca_imagens/35908_180.jpg,com oferta encerrada,4,1,Não,,417792,https://www.unasus.gov.br/cursos/oferta/417792,417792,15100,Profissionais e estudantes da área da saúde,EAD,Ensino a Distância,UNA-SUS,"Educação em Saúde, Ética e Bioética, Promoção da Saúde",,10ª Oferta do Curso  de Abordagem Familiar na Atenção Domiciliar,"Abordagem familiar, Atenção primária, Educação em saúde, Saúde da familia, Ética"
35908,Abordagem Familiar na Atenção Domiciliar,30,10,UFCSPA,Universidade Federal de Ciências da Saúde de Porto Alegre,Ensino a Distância,Educação Profissional e Tecnológica,Qualificação Profissional,https://ppuview.unasus.gov.br/arouca_imagens/35908_180.jpg,com oferta encerrada,4,1,Não,,353000,https://www.unasus.gov.br/cursos/oferta/353000,353000,1000,Profissionais e estudantes da área da saúde,EAD,Ensino a Distância,"UNA-SUS, Atenção Domiciliar","Educação em Saúde, Ética e Bioética, Promoção da Saúde",,,"Abordagem familiar, Atenção primária, Educação em saúde, Saúde da familia, Ética"
35908,Abordagem Familiar na Atenção Domiciliar,30,10,UFCSPA,Universidade Federal de Ciências da Saúde de Porto Alegre,Ensino a Distância,Educação Profissional e Tecnológica,Qualificação Profissional,https://ppuview.unasus.gov.br/arouca_imagens/35908_180.jpg,com oferta encerrada,4,1,Não,,419206,https://www.unasus.gov.br/cursos/oferta/419206,419206,30000,Profissionais e estudantes da área da saúde,EAD,Ensino a Distância,UNA-SUS,"Educação em Saúde, Ética e Bioética, Promoção da Saúde",,"O módulo apresenta os aspectos teóricos e assistenciais da Abordagem Familiar. Aborda os conceitos de cuidado e autonomia, abordagem integral, risco familiar, visita domiciliar e ferramentas de abordagem familiar. O módulo capacita o aluno a conhecer como organizar e manter contato com a família durante o curso da assistência domiciliar; também a coordenar a gestão do cuidado em colaboração com a pessoa assistida, com a família e com o cuidador; prepara para identificar o impacto da doença na dinâmica familiar; a reconhecer e manejar situações disfuncionais ou de risco que interfiram na assistência domiciliar.","Abordagem familiar, Atenção primária, Educação em saúde, Saúde da familia, Ética"
35908,Abordagem Familiar na Atenção Domiciliar,30,10,UFCSPA,Universidade Federal de Ciências da Saúde de Porto Alegre,Ensino a Distância,Educação Profissional e Tecnológica,Qualificação Profissional,https://ppuview.unasus.gov.br/arouca_imagens/35908_180.jpg,com oferta encerrada,4,1,Não,,416554,https://www.unasus.gov.br/cursos/oferta/416554,416554,1000,Profissionais e estudantes da área da saúde,EAD,Ensino a Distância,UNA-SUS,"Educação em Saúde, Ética e Bioética, Promoção da Saúde",,Primeira turma de 2017 do curso de Abordagem Familiar na Atenção Domiciliar,"Abordagem familiar, Atenção primária, Educação em saúde, Saúde da familia, Ética"
35908,Abordagem Familiar na Atenção Domiciliar,30,10,UFCSPA,Universidade Federal de Ciências da Saúde de Porto Alegre,Ensino a Distância,Educação Profissional e Tecnológica,Qualificação Profissional,https://ppuview.unasus.gov.br/arouca_imagens/35908_180.jpg,com oferta encerrada,4,1,Não,,417551,https://www.unasus.gov.br/cursos/oferta/417551,417551,5000,Profissionais e estudantes da área da saúde,EAD,Ensino a Distância,UNA-SUS,"Educação em Saúde, Ética e Bioética, Promoção da Saúde",,9ª Oferta,"Abordagem familiar, Atenção primária, Educação em saúde, Saúde da familia, Ética"
35908,Abordagem Familiar na Atenção Domiciliar,30,10,UFCSPA,Universidade Federal de Ciências da Saúde de Porto Alegre,Ensino a Distância,Educação Profissional e Tecnológica,Qualificação Profissional,https://ppuview.unasus.gov.br/arouca_imagens/35908_180.jpg,com oferta encerrada,4,1,Não,,417374,https://www.unasus.gov.br/cursos/oferta/417374,417374,10000,Profissionais e estudantes da área da saúde,EAD,Ensino a Distância,UNA-SUS,"Educação em Saúde, Ética e Bioética, Promoção da Saúde",,8ª Oferta,"Abordagem familiar, Atenção primária, Educação em saúde, Saúde da familia, Ética"
35908,Abordagem Familiar na Atenção Domiciliar,30,10,UFCSPA,Universidade Federal de Ciências da Saúde de Porto Alegre,Ensino a Distância,Educação Profissional e Tecnológica,Qualificação Profissional,https://ppuview.unasus.gov.br/arouca_imagens/35908_180.jpg,com oferta encerrada,4,1,Não,,418592,https://www.unasus.gov.br/cursos/oferta/418592,418592,15000,Profissionais e estudantes da área da saúde,EAD,Ensino a Distância,UNA-SUS,"Educação em Saúde, Ética e Bioética, Promoção da Saúde",,"O módulo apresenta os aspectos teóricos e assistenciais da Abordagem Familiar. Aborda os conceitos de cuidado e autonomia, abordagem integral, risco familiar, visita domiciliar e ferramentas de abordagem familiar. O módulo capacita o aluno a conhecer como organizar e manter contato com a família durante o curso da assistência domiciliar; também a coordenar a gestão do cuidado em colaboração com a pessoa assistida, com a família e com o cuidador; prepara para identificar o impacto da doença na dinâmica familiar; a reconhecer e manejar situações disfuncionais ou de risco que interfiram na assistência domiciliar.","Abordagem familiar, Atenção primária, Educação em saúde, Saúde da familia, Ética"
35908,Abordagem Familiar na Atenção Domiciliar,30,10,UFCSPA,Universidade Federal de Ciências da Saúde de Porto Alegre,Ensino a Distância,Educação Profissional e Tecnológica,Qualificação Profissional,https://ppuview.unasus.gov.br/arouca_imagens/35908_180.jpg,com oferta encerrada,4,1,Não,,417180,https://www.unasus.gov.br/cursos/oferta/417180,417180,5000,Profissionais e estudantes da área da saúde,EAD,Ensino a Distância,UNA-SUS,"Educação em Saúde, Ética e Bioética, Promoção da Saúde",,7ª oferta,"Abordagem familiar, Atenção primária, Educação em saúde, Saúde da familia, Ética"
35908,Abordagem Familiar na Atenção Domiciliar,30,10,UFCSPA,Universidade Federal de Ciências da Saúde de Porto Alegre,Ensino a Distância,Educação Profissional e Tecnológica,Qualificação Profissional,https://ppuview.unasus.gov.br/arouca_imagens/35908_180.jpg,com oferta encerrada,4,1,Não,,416984,https://www.unasus.gov.br/cursos/oferta/416984,416984,1000,Profissionais e estudantes da área da saúde,EAD,Ensino a Distância,UNA-SUS,"Educação em Saúde, Ética e Bioética, Promoção da Saúde",,,"Abordagem familiar, Atenção primária, Educação em saúde, Saúde da familia, Ética"
